url,meta_refresh,meta_title,meta_description,meta_keywords,img,img_alt,text,items
tire_wheel/tire/bridgestone/index.html,,KTS-web タイヤ・ホイール館 BRIDGESTONE（ブリヂストン）,BRIDGESTONE製タイヤ販売中！取付・バランス取りも特価で承っております！,"BRIDGESTONE,ブリヂストン,ブリジストン,タイヤ,スタッドレス,Sタイヤ,ラジアル,販売,装着,脱着,アライメント",/assets/img/tire_wheel/tire/bridgestone/img/logo.gif,BRIDGESTONE,,"[{""link"": ""tire_wheel/tire/bridgestone/regno.html"", ""image"": ""/assets/img/tire_wheel/tire/bridgestone/img/b_logo/regno.gif"", ""image_alt"": ""REGNO（レグノ）"", ""text"": ""REGNO（レグノ）""}, {""link"": ""tire_wheel/tire/bridgestone/potenza.html"", ""image"": ""/assets/img/tire_wheel/tire/bridgestone/img/b_logo/potenza.gif"", ""image_alt"": ""POTENZA（ポテンザ）"", ""text"": ""POTENZA（ポテンザ）""}, {""link"": ""tire_wheel/tire/bridgestone/playz.html"", ""image"": ""/assets/img/tire_wheel/tire/bridgestone/img/b_logo/playz.gif"", ""image_alt"": ""Playz（プレイズ）"", ""text"": ""Playz（プレイズ）""}, {""link"": ""tire_wheel/tire/bridgestone/ecopia.html"", ""image"": ""/assets/img/tire_wheel/tire/bridgestone/img/b_logo/ecopia.gif"", ""image_alt"": ""ECOPIA（エコピア）"", ""text"": ""ECOPIA（エコピア）""}, {""link"": ""tire_wheel/tire/bridgestone/dueler.html"", ""image"": ""/assets/img/tire_wheel/tire/bridgestone/img/b_logo/dueler.gif"", ""image_alt"": ""DUELER（デューラー）"", ""text"": ""DUELER（デューラー）""}, {""link"": ""tire_wheel/tire/bridgestone/alneza.html"", ""image"": ""/assets/img/tire_wheel/tire/bridgestone/img/b_logo/alenza.gif"", ""image_alt"": ""ALENZA（アレンザ）"", ""text"": ""ALENZA（アレンザ）""}, {""link"": ""tire_wheel/tire/bridgestone/blizzak.html"", ""image"": ""/assets/img/tire_wheel/tire/bridgestone/img/b_logo/blizzak.gif"", ""image_alt"": ""BLIZZAK（ブリザック）"", ""text"": ""BLIZZAK（ブリザック）""}, {""link"": ""tire_wheel/tire/bridgestone/nextry.html"", ""image"": ""/assets/img/tire_wheel/tire/bridgestone/img/b_logo/nextry.gif"", ""image_alt"": ""NEXTRY（ネクストリー）"", ""text"": ""NEXTRY（ネクストリー）""}]"
tire_wheel/tire/dunlop/index.html,,KTS-web タイヤ・ホイール館 DUNLOP（ダンロップ）,DUNLOP製タイヤ販売中！取付・バランス取りも特価で承っております！,"DUNLOP,ダンロップ,タイヤ,スタッドレス,Sタイヤ,ラジアル,販売,装着,脱着,アライメント",/assets/img/tire_wheel/tire/dunlop/img/logo.gif,DUNLOP,,"[{""link"": ""tire_wheel/tire/dunlop/comfort.html"", ""image"": ""/assets/img/tire_wheel/tire/dunlop/img/b_logo/comfort.gif"", ""image_alt"": ""COMFORT（コンフォート）"", ""text"": ""COMFORT（コンフォート）""}, {""link"": ""tire_wheel/tire/dunlop/as.html"", ""image"": ""/assets/img/tire_wheel/tire/dunlop/img/b_logo/as.gif"", ""image_alt"": ""AS（オールシーズン）"", ""text"": ""AS（オールシーズン）""}, {""link"": ""tire_wheel/tire/dunlop/eco.html"", ""image"": ""/assets/img/tire_wheel/tire/dunlop/img/b_logo/eco.gif"", ""image_alt"": ""ECO（低燃費タイヤ）"", ""text"": ""ECO（低燃費タイヤ）""}, {""link"": ""tire_wheel/tire/dunlop/suv.html"", ""image"": ""/assets/img/tire_wheel/tire/dunlop/img/b_logo/suv.gif"", ""image_alt"": ""SUV（4×4＆SUV用タイヤ）"", ""text"": ""SUV（4×4＆SUV用タイヤ）""}, {""link"": ""tire_wheel/tire/dunlop/sport.html"", ""image"": ""/assets/img/tire_wheel/tire/dunlop/img/b_logo/sport.gif"", ""image_alt"": ""SPORT（スポーツタイヤ）"", ""text"": ""SPORT（スポーツタイヤ）""}, {""link"": ""tire_wheel/tire/dunlop/parada.html"", ""image"": ""/assets/img/tire_wheel/tire/dunlop/img/b_logo/import.gif"", ""image_alt"": ""IMPORT（輸入外車用タイヤ）"", ""text"": ""IMPORT（輸入外車用タイヤ）""}, {""link"": ""tire_wheel/tire/dunlop/winter.html"", ""image"": ""/assets/img/tire_wheel/tire/dunlop/img/b_logo/winter.gif"", ""image_alt"": ""WINTER（スタッドレスタイヤ）"", ""text"": ""WINTER（スタッドレスタイヤ）""}, {""link"": ""tire_wheel/tire/dunlop/mos.html"", ""image"": ""/assets/img/tire_wheel/tire/dunlop/img/b_logo/mos.gif"", ""image_alt"": ""MOS（モータースポーツタイヤ）"", ""text"": ""MOS（モータースポーツタイヤ）""}]"
tire_wheel/tire/falken/index.html,,KTS-web タイヤ・ホイール館 FALKEN（ファルケン）,FALKEN製タイヤ販売中！取付・バランス取りも特価で承っております！,"FALKEN,ファルケン,タイヤ,スタッドレス,Sタイヤ,ラジアル,販売,装着,脱着,アライメント",/assets/img/tire_wheel/tire/falken/img/logo.gif,FALKEN,,"[{""link"": ""tire_wheel/tire/falken/wildpeak.html"", ""image"": ""/assets/img/tire_wheel/tire/falken/img/b_logo/wildpeak.gif"", ""image_alt"": ""WILDPEAK（ワイルドピーク）"", ""text"": ""WILDPEAK（ワイルドピーク）""}, {""link"": ""tire_wheel/tire/falken/ziex.html"", ""image"": ""/assets/img/tire_wheel/tire/falken/img/b_logo/ziex.gif"", ""image_alt"": ""ZIEX（ジークス）"", ""text"": ""ZIEX（ジークス）""}, {""link"": ""tire_wheel/tire/falken/azenis.html"", ""image"": ""/assets/img/tire_wheel/tire/falken/img/b_logo/azenis.gif"", ""image_alt"": ""AZENIS（アゼニス）"", ""text"": ""AZENIS（アゼニス）""}, {""link"": ""tire_wheel/tire/falken/dress_up_van.html"", ""image"": ""/assets/img/tire_wheel/tire/falken/img/b_logo/dress_up_van.gif"", ""image_alt"": ""DRESS-UP VAN（ドレスアップ バン用）"", ""text"": ""DRESS-UP VAN用タイヤ""}, {""link"": ""tire_wheel/tire/falken/sincera.html"", ""image"": ""/assets/img/tire_wheel/tire/falken/img/b_logo/sincera.gif"", ""image_alt"": ""SINCERA（シンセラ）"", ""text"": ""SINCERA（シンセラ）""}, {""link"": ""tire_wheel/tire/falken/eurowinter.html"", ""image"": ""/assets/img/tire_wheel/tire/falken/img/b_logo/eurowinter.gif"", ""image_alt"": ""EUROWINTER（ユーロウインター）"", ""text"": ""EUROWINTER（ユーロウインター）""}, {""link"": ""tire_wheel/tire/falken/espia.html"", ""image"": ""/assets/img/tire_wheel/tire/falken/img/b_logo/espia.gif"", ""image_alt"": ""ESPIA（エスピア）"", ""text"": ""ESPIA（エスピア）""}]"
tire_wheel/tire/federal/index.html,,KTS-web タイヤ・ホイール館 FEDERAL（フェデラル）,FEDERAL製タイヤ販売中！取付・バランス取りも特価で承っております！,"FEDERAL,フェデラル,タイヤ,販売,装着,脱着,アライメント",/assets/img/tire_wheel/tire/federal/img/federal_logo.gif,FEDERAL,,[]
tire_wheel/tire/goodyear/index.html,,KTS-web タイヤ・ホイール館 GOODYEAR（グッドイヤー）,GOODYEAR製タイヤ販売中！取付・バランス取りも特価で承っております！,"GOODYEAR,グッドイヤー,タイヤ,スタッドレス,コンフォート,ラジアル,販売,装着,脱着,アライメント",/assets/img/tire_wheel/tire/goodyear/img/logo.gif,GOODYEAR,,"[{""link"": ""tire_wheel/tire/goodyear/all.html"", ""image"": ""/assets/img/tire_wheel/tire/goodyear/img/b_logo/all.gif"", ""image_alt"": ""ALL SEASON（オールシーズン）"", ""text"": ""ALL SEASON（オールシーズン）""}, {""link"": ""tire_wheel/tire/goodyear/sport.html"", ""image"": ""/assets/img/tire_wheel/tire/goodyear/img/b_logo/sport.gif"", ""image_alt"": ""SPORT（スポーツ）"", ""text"": ""SPORT（スポーツ）""}, {""link"": ""tire_wheel/tire/goodyear/comfort.html"", ""image"": ""/assets/img/tire_wheel/tire/goodyear/img/b_logo/comfort.gif"", ""image_alt"": ""COMFORT（コンフォート）"", ""text"": ""COMFORT（コンフォート）""}, {""link"": ""tire_wheel/tire/goodyear/suv.html"", ""image"": ""/assets/img/tire_wheel/tire/goodyear/img/b_logo/suv.gif"", ""image_alt"": ""SUV"", ""text"": ""SUV""}, {""link"": ""tire_wheel/tire/goodyear/van.html"", ""image"": ""/assets/img/tire_wheel/tire/goodyear/img/b_logo/van.gif"", ""image_alt"": ""VAN"", ""text"": ""VAN""}, {""link"": ""tire_wheel/tire/goodyear/studless.html"", ""image"": ""/assets/img/tire_wheel/tire/goodyear/img/b_logo/studless.gif"", ""image_alt"": ""STUDLESS"", ""text"": ""STUDLESS（スタッドレス）""}]"
tire_wheel/tire/kenda/index.html,,KTS-web タイヤ・ホイール館 KENDA（ケンダ）,KENDA製タイヤ販売中！取付・バランス取りも特価で承っております！,"KENDA,ケンダ,タイヤ,ラジアル,販売,装着,脱着,アライメント",/assets/img/tire_wheel/tire/kenda/img/logo.gif,KENDA,,"[{""link"": ""tire_wheel/tire/kenda/sport.html"", ""image"": ""/assets/img/tire_wheel/tire/kenda/img/b_logo/sport.gif"", ""image_alt"": ""スポーツタイヤ"", ""text"": ""スポーツタイヤ""}, {""link"": ""tire_wheel/tire/kenda/std.html"", ""image"": ""/assets/img/tire_wheel/tire/kenda/img/b_logo/std.gif"", ""image_alt"": ""乗用車用"", ""text"": ""乗用車用""}, {""link"": ""tire_wheel/tire/kenda/minivan.html"", ""image"": ""/assets/img/tire_wheel/tire/kenda/img/b_logo/minivan.gif"", ""image_alt"": ""ミニバン・バン・ライトトラック用"", ""text"": ""ミニバン・バン・ライトトラック用""}, {""link"": ""tire_wheel/tire/kenda/suv.html"", ""image"": ""/assets/img/tire_wheel/tire/kenda/img/b_logo/suv.gif"", ""image_alt"": ""SVU・4×4用"", ""text"": ""SUV・4×4用""}]"
tire_wheel/tire/michelin/index.html,,KTS-web タイヤ・ホイール館 MICHELIN（ミシュラン）,MICHELIN製タイヤ販売中！取付・バランス取りも特価で承っております！,"MICHELIN,ミシュラン,タイヤ,スタッドレス,Sタイヤ,ラジアル,販売,装着,脱着,アライメント",/assets/img/tire_wheel/tire/michelin/img/michelin_logo.gif,MICHLIN,,"[{""link"": ""tire_wheel/tire/michelin/pilot.html"", ""image"": ""/assets/img/tire_wheel/tire/michelin/img/b_logo/pilot.gif"", ""image_alt"": ""PILOTシリーズ"", ""text"": ""PILOTシリーズ""}, {""link"": ""tire_wheel/tire/michelin/primacy.html"", ""image"": ""/assets/img/tire_wheel/tire/michelin/img/b_logo/primacy.gif"", ""image_alt"": ""PRIMACYシリーズ"", ""text"": ""PRIMACYシリーズ""}, {""link"": ""tire_wheel/tire/michelin/crossclimate.html"", ""image"": ""/assets/img/tire_wheel/tire/michelin/img/b_logo/crossclimate.gif"", ""image_alt"": ""CROSSCLIMATEシリーズ"", ""text"": ""CROSSCLIMATEシリーズ""}, {""link"": ""tire_wheel/tire/michelin/energy.html"", ""image"": ""/assets/img/tire_wheel/tire/michelin/img/b_logo/energy.gif"", ""image_alt"": ""ENERGYシリーズ"", ""text"": ""ENERGYシリーズ""}, {""link"": ""tire_wheel/tire/michelin/latitude.html"", ""image"": ""/assets/img/tire_wheel/tire/michelin/img/b_logo/latitude.gif"", ""image_alt"": ""LATITUDEシリーズ"", ""text"": ""LATITUDEシリーズ""}, {""link"": ""tire_wheel/tire/michelin/premier.html"", ""image"": ""/assets/img/tire_wheel/tire/michelin/img/b_logo/premier.gif"", ""image_alt"": ""PREMIERシリーズ"", ""text"": ""PREMIERシリーズ""}]"
tire_wheel/tire/nankang/index.html,,KTS-web タイヤ・ホイール館 NANKANG（ナンカン）,NANKANG製タイヤ販売中！取付・バランス取りも特価で承っております！,"NANKANG,ナンカン,タイヤ,スタッドレス,Sタイヤ,ラジアル,販売,装着,脱着,アライメント",/assets/img/tire_wheel/tire/nankang/img/nankang_logo.gif,NANKANG,,"[{""link"": ""tire_wheel/tire/nankang/racing.html"", ""image"": ""/assets/img/tire_wheel/tire/nankang/img/b_logo/racing.gif"", ""image_alt"": ""RACING"", ""text"": ""RACING""}, {""link"": ""tire_wheel/tire/nankang/sportnex.html"", ""image"": ""/assets/img/tire_wheel/tire/nankang/img/b_logo/sportnex.gif"", ""image_alt"": ""Sportnex"", ""text"": ""Sportnex""}, {""link"": ""tire_wheel/tire/nankang/econex.html"", ""image"": ""/assets/img/tire_wheel/tire/nankang/img/b_logo/econex.gif"", ""image_alt"": ""Econex"", ""text"": ""Econex""}, {""link"": ""tire_wheel/tire/nankang/nk_comfort.html"", ""image"": ""/assets/img/tire_wheel/tire/nankang/img/b_logo/nk_comfort.gif"", ""image_alt"": ""NK COMFORT"", ""text"": ""NK COMFORT""}, {""link"": ""tire_wheel/tire/nankang/rollnex.html"", ""image"": ""/assets/img/tire_wheel/tire/nankang/img/b_logo/rollnex.gif"", ""image_alt"": ""Rollnex"", ""text"": ""Rollnex""}]"
tire_wheel/tire/toyo_tires/index.html,,KTS-web タイヤ・ホイール館 TOYO TIRES（トーヨータイヤ）,TOYO TIRES製タイヤ販売中！取付・バランス取りも特価で承っております！,"TOYO TIRES,タイヤ,スタッドレス,Sタイヤ,ラジアル,販売,装着,脱着,アライメント",/assets/img/tire_wheel/tire/toyo_tires/img/logo.gif,TOYO TIRES,,"[{""link"": ""tire_wheel/tire/toyo_tires/studless.html"", ""image"": ""/assets/img/tire_wheel/tire/toyo_tires/img/b_logo/studless.gif"", ""image_alt"": ""スタッドレスタイヤ"", ""text"": ""スタッドレスタイヤ""}, {""link"": ""tire_wheel/tire/toyo_tires/all_season.html"", ""image"": ""/assets/img/tire_wheel/tire/toyo_tires/img/b_logo/all_season.gif"", ""image_alt"": ""ALL SEASON（オールシーズン）"", ""text"": ""ALL SEASON（オールシーズン）""}, {""link"": ""tire_wheel/tire/toyo_tires/proxes.html"", ""image"": ""/assets/img/tire_wheel/tire/toyo_tires/img/b_logo/proxes.gif"", ""image_alt"": ""PROXES（プロクセス）"", ""text"": ""PROXES（プロクセス）""}, {""link"": ""tire_wheel/tire/toyo_tires/open_country.html"", ""image"": ""/assets/img/tire_wheel/tire/toyo_tires/img/b_logo/open_country.gif"", ""image_alt"": ""OPEN COUNTRY（オープンカントリー）"", ""text"": ""OPEN COUNTRY（オープンカントリー）""}, {""link"": ""tire_wheel/tire/toyo_tires/tranpath.html"", ""image"": ""/assets/img/tire_wheel/tire/toyo_tires/img/b_logo/tranpath.gif"", ""image_alt"": ""TRANPATH（トランパス）"", ""text"": ""TRANPATH（トランパス）""}, {""link"": ""tire_wheel/tire/toyo_tires/nanoenergy.html"", ""image"": ""/assets/img/tire_wheel/tire/toyo_tires/img/b_logo/nanoenergy.gif"", ""image_alt"": ""NANOENERGY（ナノエナジー）"", ""text"": ""NANOENERGY（ナノエナジー）""}, {""link"": ""tire_wheel/tire/toyo_tires/sd_7.html"", ""image"": ""/assets/img/tire_wheel/tire/toyo_tires/img/b_logo/sd_7.gif"", ""image_alt"": ""SD-7（エスディー・セブン）"", ""text"": ""SD-7（エスディー・セブン）""}]"
tire_wheel/tire/yokohama/index.html,,KTS-web タイヤ・ホイール館 BRIDGESTONE（ブリヂストン）,BRIDGESTONE製タイヤ販売中！取付・バランス取りも特価で承っております！,"YOKOHAMA,ヨコハマ,横浜ゴム,タイヤ,スタッドレス,Sタイヤ,ラジアル,販売,装着,脱着,アライメント",/assets/img/tire_wheel/tire/yokohama/img/logo.gif,YOKOHAMA,,"[{""link"": ""tire_wheel/tire/yokohama/advan.html"", ""image"": ""/assets/img/tire_wheel/tire/yokohama/img/b_logo/advan.gif"", ""image_alt"": ""ADVAN（アドバン）"", ""text"": ""ADVAN（アドバン）""}, {""link"": ""tire_wheel/tire/yokohama/bluearth.html"", ""image"": ""/assets/img/tire_wheel/tire/yokohama/img/b_logo/bluearth.gif"", ""image_alt"": ""BluEarth（ブルーアース）"", ""text"": ""BluEarth（ブルーアース）""}, {""link"": ""tire_wheel/tire/yokohama/geolandar.html"", ""image"": ""/assets/img/tire_wheel/tire/yokohama/img/b_logo/geolandar.gif"", ""image_alt"": ""GEOLANDAR（ジオランダー）"", ""text"": ""GEOLANDAR（ジオランダー）""}, {""link"": ""tire_wheel/tire/yokohama/ice_guard.html"", ""image"": ""/assets/img/tire_wheel/tire/yokohama/img/b_logo/ice_guard.gif"", ""image_alt"": ""iceGUARD（アイスガード）"", ""text"": ""iceGUARD（アイスガード）""}, {""link"": ""tire_wheel/tire/yokohama/ecos.html"", ""image"": ""/assets/img/tire_wheel/tire/yokohama/img/b_logo/ecos.gif"", ""image_alt"": ""ECOS（エコス）"", ""text"": ""ECOS（エコス）""}, {""link"": ""tire_wheel/tire/yokohama/parada.html"", ""image"": ""/assets/img/tire_wheel/tire/yokohama/img/b_logo/parada.gif"", ""image_alt"": ""PARADA（パラダ）"", ""text"": ""PARADA（パラダ）""}]"
