10000,﻿自動車メーカー,車種,型式/モデル,年式,適合詳細,メーカー品番,アッパーマウント,スプリング仕様,ダウン量(mm),調整範囲(mm),備考,定価,物販売価,SET価格,Camp売価,商品ID,物販コード,取付コード,メーカー名,商品名,タイプ,ショック構成 材質/形式/構成 フロント,ショック構成 材質/形式/構成 リア,納期
10000test,﻿自動車メーカー,車種,型式/モデル,年式,適合詳細,メーカー品番,アッパーマウント,スプリング仕様,ダウン量(mm),調整範囲(mm),備考,定価,物販売価,SET価格,Camp売価,商品ID,物販コード,取付コード,メーカー名,商品名,タイプ,ショック構成 材質/形式/構成 フロント,ショック構成 材質/形式/構成 リア,納期
10001,﻿ID(内径),自由長,バネレート,-,-,メーカー品番,タイプ,入数,-,仕様,備考,定価,物販売価,取付売価,キャンペーン価格,商品ID,物販コード,取付コード,工賃,物販売価,cmp価格,取付売価,cmp価格
10002,﻿自動車メーカー,車種,型式,年式,適合詳細,メーカー品番,車高調タイプ,アッパーマウント,減衰力調整,ダウン量,備考,定価,物販売価,取付売価,キャンペーン価格,商品ID,物販コード,取付コード,工賃,物販価格,camp価格,取付価格,camp価格
10003,﻿自動車メーカー,車種,型式/モデル,年式,適合詳細,メーカー品番,車高調タイプ,アッパーマウント【F|R】,減衰力調整,ダウン量,備考,定価,物販売価,取付売価,キャンペーン価格,商品ID,物販コード,取付コード,工賃,物販価格,camp価格,取付価格,camp価格
10004,﻿自動車メーカー,車種,型式/モデル,年式,適合詳細,メーカー品番,車高調タイプ,アッパーマウント【F|R】,減衰力調整,ダウン量,備考,定価,物販売価,取付売価,キャンペーン価格,商品ID,物販コード,取付コード,工賃,物販価格,camp価格,取付価格,camp価格
10005,﻿自動車メーカー,車種,型式/モデル,年式,適合詳細,メーカー品番,車高調タイプ,アッパーマウント【F|R】,減衰力調整,ダウン量,備考,定価,物販売価,取付売価,キャンペーン価格,商品ID,物販コード,取付コード,工賃,物販価格,camp価格,取付価格,camp価格
10006,﻿自動車メーカー,車種,型式/モデル,年式,適合詳細,メーカー品番,車高調タイプ,アッパーマウント【F|R】,減衰力調整,ダウン量,備考,定価,物販売価,取付売価,キャンペーン価格,商品ID,物販コード,取付コード,工賃,物販価格,camp価格,取付価格,camp価格
10007,﻿自動車メーカー,車種,型式/モデル,年式,適合詳細,メーカー品番,車高調タイプ,アッパーマウント【F|R】,減衰力調整,ダウン量,備考,定価,物販売価,取付売価,キャンペーン価格,商品ID,物販コード,取付コード,工賃,物販価格,camp価格,取付価格,camp価格
10008,﻿自動車メーカー,車種,型式/モデル,年式,適合詳細,メーカー品番,車高調タイプ,アッパーマウント【F|R】,減衰力調整,ダウン量,備考,定価,物販売価,取付売価,キャンペーン価格,商品ID,物販コード,取付コード,工賃,物販価格,camp価格,取付価格,camp価格
10009,﻿自動車メーカー,車種,型式/モデル,年式,適合詳細,メーカー品番,車高調タイプ,アッパーマウント【F|R】,減衰力調整,ダウン量,備考,定価,物販売価,取付売価,キャンペーン価格,商品ID,物販コード,取付コード,工賃,物販価格,camp価格,取付価格,camp価格
10010,﻿自動車メーカー,車種,型式/モデル,年式,適合詳細,メーカー品番,車高調タイプ,アッパーマウント【F|R】,減衰力調整,ダウン量,備考,定価,物販売価,取付売価,キャンペーン価格,商品ID,物販コード,取付コード,工賃,物販価格,camp価格,取付価格,camp価格
10011,﻿自動車メーカー,車種,型式,年式,適合詳細,メーカー品番,車高調タイプ,アッパーマウント【F|R】,減衰力調整,ダウン量,備考,定価,物販売価,取付売価,キャンペーン価格,商品ID,物販コード,取付コード,工賃,物販価格,camp価格,取付価格,camp価格
10012,﻿自動車メーカー,車種,型式,年式,適合詳細,メーカー品番,車高調タイプ,アッパーマウント【F|R】,減衰力調整,ダウン量,備考,定価,物販売価,取付売価,キャンペーン価格,商品ID,物販コード,取付コード,工賃,物販価格,camp価格,取付価格,camp価格
10013,﻿自動車メーカー,車種,型式,年式,適合詳細,メーカー品番,車高調タイプ,アッパーマウント【F|R】,減衰力調整,ダウン量,備考,定価,物販売価,取付売価,キャンペーン価格,商品ID,物販コード,取付コード,工賃,物販価格,camp価格,取付価格,camp価格
10014,﻿自動車メーカー,車種,型式,年式,適合詳細,メーカー品番,車高調タイプ,アッパーマウント【F|R】,減衰力調整,ダウン量,備考,定価,物販売価,取付売価,キャンペーン価格,商品ID,物販コード,取付コード,工賃,物販価格,camp価格,取付価格,camp価格
10015,﻿自動車メーカー,車種,型式,年式,適合詳細,メーカー品番,車高調タイプ,アッパーマウント【F|R】,減衰力調整,ダウン量,備考,定価,物販売価,取付売価,キャンペーン価格,商品ID,物販コード,取付コード,工賃,物販価格,camp価格,取付価格,camp価格
10016,﻿自動車メーカー,車種,型式,年式,適合詳細,メーカー品番,車高調タイプ,アッパーマウント【F|R】,減衰力調整,ダウン量,備考,定価,物販売価,取付売価,キャンペーン価格,商品ID,物販コード,取付コード,工賃,物販価格,camp価格,取付価格,camp価格
10017,﻿自動車メーカー,車種,型式,年式,適合詳細,メーカー品番,車高調タイプ,アッパーマウント【F|R】,減衰力調整,ダウン量,備考,定価,物販売価,取付売価,キャンペーン価格,商品ID,物販コード,取付コード,工賃,物販価格,camp価格,取付価格,camp価格
10018,﻿自動車メーカー,車種,型式,年式,適合詳細,メーカー品番,車高調タイプ,アッパーマウント【F|R】,減衰力調整,ダウン量,備考,定価,物販売価,取付売価,キャンペーン価格,商品ID,物販コード,取付コード,工賃,物販価格,camp価格,取付価格,camp価格
10019,﻿自動車メーカー,車種,型式,年式,適合詳細,メーカー品番,車高調タイプ,アッパーマウント【F|R】,減衰力調整,ダウン量,備考,定価,物販価格,取付売価,キャンペーン価格,商品ID,物販コード,取付コード,工賃,物販価格,camp価格,取付価格,camp価格
10020,﻿自動車メーカー,車種,型式,年式,適合詳細,メーカー品番,車高調タイプ,アッパーマウント【F|R】,減衰力調整,ダウン量,備考,定価,物販売価,取付売価,キャンペーン価格,商品ID,物販コード,取付コード,工賃,物販価格,camp価格,取付価格,camp価格
10021,﻿自動車メーカー,車種,型式,年式,適合詳細,メーカー品番,車高調タイプ,アッパーマウント【F|R】,減衰力調整,ダウン量,備考,定価,物販売価,取付売価,キャンペーン価格,商品ID,物販コード,取付コード,工賃,物販価格,camp価格,取付価格,camp価格
10022,﻿自動車メーカー,車種,型式,年式,適合詳細,メーカー品番,車高調タイプ,アッパーマウント【F|R】,減衰力調整,ダウン量,備考,定価,物販売価,取付売価,キャンペーン価格,商品ID,物販コード,取付コード,工賃,物販価格,camp価格,取付価格,camp価格
10023,﻿自動車メーカー,車種,型式,年式,適合詳細,メーカー品番,車高調タイプ,アッパーマウント【F|R】,減衰力調整,ダウン量,備考,定価,物販売価,取付売価,キャンペーン価格,商品ID,物販コード,取付コード,工賃,物販価格,camp価格,取付価格,camp価格
10024,﻿自動車メーカー,車種,型式,年式,適合詳細,メーカー品番,車高調タイプ,アッパーマウント【F|R】,減衰力調整(F/R),ダウン量,備考,定価,物販売価,取付売価,キャンペーン価格,商品ID,物販コード,取付コード,工賃,物販価格,camp価格,取付価格,camp価格
10025,﻿自動車メーカー,車種,型式,年式,適合詳細,メーカー品番,車高調タイプ,アッパーマウント【F|R】,減衰力調整,ダウン量,備考,定価,物販売価,取付売価,キャンペーン価格,商品ID,物販コード,取付コード,工賃,物販価格,camp価格,取付価格,camp価格
10026,﻿自動車メーカー,車種,型式,年式,適合詳細,メーカー品番,車高調タイプ,アッパーマウント【F|R】,減衰力調整(F/R),ダウン量,備考,定価,物販売価,取付売価,キャンペーン価格,商品ID,物販コード,取付コード,工賃,物販価格,camp価格,取付価格,camp価格
10027,﻿自動車メーカー,車種,型式,年式,適合詳細,メーカー品番,車高調タイプ,アッパーマウント【F|R】,減衰力調整(F/R),ダウン量,備考,定価,物販売価,取付売価,キャンペーン価格,商品ID,物販コード,取付コード,工賃,物販価格,camp価格,取付価格,camp価格
10028,﻿自動車メーカー,車種,型式,年式,適合詳細,メーカー品番,車高調タイプ,アッパーマウント【F|R】,減衰力調整(F/R),ダウン量,備考,定価,物販売価,取付売価,キャンペーン価格,商品ID,物販コード,取付コード,工賃,物販価格,camp価格,取付価格,camp価格
10029,﻿自動車メーカー,車種,型式,年式,適合詳細,メーカー品番,車高調タイプ,アッパーマウント(F/R),減衰力調整(F/R),ダウン量,備考,定価,物販価格,取付売価,キャンペーン価格,商品ID,物販コード,取付コード,工賃,物販価格,camp価格,取付価格,camp価格
10030,﻿自動車メーカー,車種,型式/モデル,年式,適合詳細,メーカー品番,タイプ,減衰力調整,,ダウン/アップ量,備考,定価,物販売価,取付売価,キャンペーン価格,商品ID,物販コード,取付コード,工賃,物販価格,camp価格,取付価格,camp価格
10031,﻿自動車メーカー,車種,型式,年式,適合詳細,メーカー品番,車高調タイプ,アッパーマウント【F|R】,減衰力調整,ダウン量,備考,定価,物販売価,取付売価,キャンペーン価格,商品ID,物販コード,取付コード,工賃,物販価格,camp価格,取付価格,camp価格
10032,﻿自動車メーカー,車種,型式,年式,適合詳細,メーカー品番,車高調タイプ,アッパーマウント【F|R】,減衰力調整,ダウン量,備考,定価,物販価格,取付売価,キャンペーン価格,商品ID,物販コード,取付コード,工賃,物販価格,camp価格,取付価格,camp価格
10033,﻿自動車メーカー,車種,型式,年式,適合詳細,メーカー品番,車高調タイプ,アッパーマウント【F|R】,減衰力調整,ダウン量,備考,定価,物販売価,取付売価,キャンペーン価格,商品ID,物販コード,取付コード,工賃,物販価格,camp価格,取付価格,camp価格
10034,﻿自動車メーカー,車種,型式,年式,適合詳細,メーカー品番,車高調タイプ,アッパーマウント【F|R】,減衰力調整,ダウン量,備考,定価,物販売価,取付売価,キャンペーン価格,商品ID,物販コード,取付コード,工賃,物販価格,camp価格,取付価格,camp価格
10035,﻿自動車メーカー,車種,型式,年式,適合詳細,メーカー品番,車高調タイプ,アッパーマウント【F|R】,減衰力調整,ダウン量,備考,定価,物販売価,取付売価,キャンペーン価格,商品ID,物販コード,取付コード,工賃,物販価格,camp価格,取付価格,camp価格
10036,﻿自動車メーカー,車種,型式,年式,適合詳細,メーカー品番,車高調タイプ,アッパーマウント【F|R】,減衰力調整,ダウン量,備考,定価,物販売価,取付売価,キャンペーン価格,商品ID,物販コード,取付コード,工賃,物販価格,camp価格,取付価格,camp価格
10037,﻿自動車メーカー,車種,型式,年式,適合詳細,メーカー品番,車高調タイプ,アッパーマウント【F|R】,減衰力調整,ダウン量,備考,定価,物販売価,取付売価,キャンペーン価格,商品ID,物販コード,取付コード,工賃,物販価格,camp価格,取付価格,camp価格
10038,﻿自動車メーカー,車種,型式,年式,適合詳細,メーカー品番,車高調タイプ,アッパーマウント【F|R】,減衰力調整,ダウン量,備考,定価,物販売価,取付売価,キャンペーン価格,商品ID,物販コード,取付コード,工賃,物販価格,camp価格,取付価格,camp価格
10039,﻿自動車メーカー,車種,型式,年式,適合詳細,メーカー品番,車高調タイプ,アッパーマウント【F|R】,減衰力調整,ダウン量,備考,定価,物販売価,取付売価,キャンペーン価格,商品ID,物販コード,取付コード,工賃,物販価格,camp価格,取付価格,camp価格
10040,﻿自動車メーカー,車種,型式,年式,適合詳細,メーカー品番,車高調タイプ,アッパーマウント【F|R】,減衰力調整,ダウン量,備考,定価,物販売価,取付売価,キャンペーン価格,商品ID,物販コード,取付コード,工賃,物販価格,camp価格,取付価格,camp価格
10041,﻿自動車メーカー,車種,型式,年式,適合詳細,メーカー品番,車高調タイプ,アッパーマウント【F|R】,減衰力調整,ダウン量,備考,定価,物販売価,取付売価,キャンペーン価格,商品ID,物販コード,取付コード,工賃,物販価格,camp価格,取付価格,camp価格
10042,﻿自動車メーカー,車種,型式,年式,適合詳細,メーカー品番,車高調タイプ,アッパーマウント【F|R】,減衰力調整,ダウン量,備考,定価,物販売価,取付売価,キャンペーン価格,商品ID,物販コード,取付コード,工賃,物販価格,camp価格,取付価格,camp価格
10043,﻿自動車メーカー,車種,型式,年式,適合詳細,メーカー品番,車高調タイプ,アッパーマウント【F|R】,減衰力調整,ダウン量,備考,定価,物販売価,取付売価,キャンペーン価格,商品ID,物販コード,取付コード,工賃,物販価格,camp価格,取付価格,camp価格
10044,﻿自動車メーカー,車種,型式/モデル,年式,適合詳細,メーカー品番,タイプ,,バネレート(F/R),ダウン/アップ量,備考,定価,物販価格,取付売価,キャンペーン価格,商品ID,物販コード,取付コード,工賃,物販価格,camp価格,取付価格,camp価格
10045,﻿自動車メーカー,車種,型式/モデル,年式,適合詳細,メーカー品番,タイプ,,バネレート(F/R),ダウン/アップ量,備考,定価,物販売価,取付売価,キャンペーン価格,商品ID,物販コード,取付コード,工賃,物販価格,camp価格,取付価格,camp価格
10046,﻿自動車メーカー,車種,型式/モデル,年式,適合詳細,メーカー品番,タイプ,,バネレート(F/R),ダウン/アップ量,備考,定価,物販売価,取付売価,キャンペーン価格,商品ID,物販コード,取付コード,工賃,物販売価,camp価格,取付売価,camp価格
10047,﻿自動車メーカー,車種,型式/モデル,年式,適合詳細,メーカー品番,タイプ,,バネレート(F/R),ダウン/アップ量,備考,定価,物販売価,取付売価,キャンペーン価格,商品ID,物販コード,取付コード,工賃,物販売価,camp価格,取付売価,cmp価格
10048,﻿自動車メーカー,車種,型式/モデル,年式,適合詳細,メーカー品番,タイプ,,バネレート(F/R),ダウン/アップ量,備考,定価,物販売価,取付売価,キャンペーン価格,商品ID,物販コード,取付コード,工賃,物販売価,camp価格,取付売価,cmp価格
10049,﻿自動車メーカー,車種,型式/モデル,年式,適合詳細,メーカー品番,タイプ,,バネレート(F/R),ダウン/アップ量,備考,定価,物販売価,取付売価,キャンペーン価格,商品ID,物販コード,取付コード,工賃,物販売価,camp価格,取付売価,cmp価格
10050,﻿自動車メーカー,車種,型式/モデル,年式,適合詳細,メーカー品番,タイプ,,バネレート(F/R),ダウン/アップ量,備考,定価,物販売価,取付売価,キャンペーン価格,商品ID,物販コード,取付コード,工賃,物販売価,camp価格,取付売価,camp価格
10051,﻿自動車メーカー,車種,型式,年式,適合詳細,メーカー品番,車高調タイプ,アッパーマウント【F|R】,減衰力調整,ダウン量,備考,定価,物販売価,取付売価,キャンペーン価格,商品ID,物販コード,取付コード,工賃,物販価格,camp価格,取付価格,camp価格
10052,﻿自動車メーカー,車種,型式/モデル,年式,適合詳細,メーカー品番,タイプ,,バネレート(F/R),ダウン/アップ量,備考,定価,物販売価,取付売価,キャンペーン価格,商品ID,物販コード,取付コード,工賃,物販売価,camp価格,取付売価,camp価格
10053,﻿自動車メーカー,車種,型式,年式,適合詳細,メーカー品番,車高調タイプ,アッパーマウント【F|R】,減衰力調整,ダウン量,備考,定価,物販価格,取付売価,キャンペーン価格,商品ID,物販コード,取付コード,工賃,物販価格,camp価格,取付価格,camp価格
10054,﻿自動車メーカー,車種,型式,年式,適合詳細,メーカー品番,車高調タイプ,アッパーマウント【F|R】,減衰力調整,ダウン量,備考,定価,物販売価,取付売価,キャンペーン価格,商品ID,物販コード,取付コード,工賃,物販価格,camp価格,取付価格,camp価格
10055,﻿自動車メーカー,車種,型式,年式,適合詳細,メーカー品番,車高調タイプ,アッパーマウント【F|R】,減衰力調整,ダウン量,備考,定価,物販売価,取付売価,キャンペーン価格,商品ID,物販コード,取付コード,工賃,物販価格,camp価格,取付価格,camp価格
10056,﻿自動車メーカー,車種,型式,年式,適合詳細,メーカー品番,車高調タイプ,アッパーマウント【F|R】,減衰力調整,ダウン量,備考,定価,物販売価,取付売価,キャンペーン価格,商品ID,物販コード,取付コード,工賃,物販価格,camp価格,取付価格,camp価格
10057,﻿自動車メーカー,車種,型式,年式,適合詳細,メーカー品番,車高調タイプ,アッパーマウント【F|R】,減衰力調整,ダウン量,備考,定価,物販売価,取付売価,キャンペーン価格,商品ID,物販コード,取付コード,工賃,物販価格,camp価格,取付価格,camp価格
10058,﻿自動車メーカー,車種,型式,年式,適合詳細,メーカー品番,車高調タイプ,アッパーマウント【F|R】,減衰力調整,ダウン量,備考,定価,物販売価,取付売価,キャンペーン価格,商品ID,物販コード,取付コード,工賃,物販価格,camp価格,取付価格,camp価格
10059,﻿自動車メーカー,車種,型式,年式,適合詳細,メーカー品番,車高調タイプ,アッパーマウント【F|R】,減衰力調整,ダウン量,備考,定価,物販売価,取付売価,キャンペーン価格,商品ID,物販コード,取付コード,工賃,物販価格,camp価格,取付価格,camp価格
10060,﻿自動車メーカー,車種,型式,年式,適合詳細,メーカー品番,車高調タイプ,アッパーマウント【F|R】,減衰力調整,ダウン量,備考,定価,物販売価,取付売価,キャンペーン価格,商品ID,物販コード,取付コード,工賃,物販価格,camp価格,取付価格,camp価格
10061,﻿自動車メーカー,車種,型式,年式,適合詳細,メーカー品番,車高調タイプ,アッパーマウント【F|R】,減衰力調整,ダウン量,備考,定価,物販売価,取付売価,キャンペーン価格,商品ID,物販コード,取付コード,工賃,物販価格,camp価格,取付価格,camp価格
10062,﻿自動車メーカー,車種,型式,年式,適合詳細,メーカー品番,車高調タイプ,アッパーマウント【F|R】,減衰力調整,ダウン量,備考,定価,物販売価,取付売価,キャンペーン価格,商品ID,物販コード,取付コード,工賃,物販価格,camp価格,取付価格,camp価格
10063,﻿自動車メーカー,車種,型式,年式,適合詳細,メーカー品番,車高調タイプ,アッパーマウント【F|R】,減衰力調整,ダウン量,備考,定価,物販売価,取付売価,キャンペーン価格,商品ID,物販コード,取付コード,工賃,物販価格,camp価格,取付価格,camp価格
10064,﻿自動車メーカー,車種,型式,年式,適合詳細,メーカー品番,車高調タイプ,アッパーマウント【F|R】,減衰力調整,ダウン量,備考,定価,物販売価,取付売価,キャンペーン価格,商品ID,物販コード,取付コード,工賃,物販価格,camp価格,取付価格,camp価格
10065,﻿自動車メーカー,車種,型式,年式,適合詳細,メーカー品番,車高調タイプ,アッパーマウント【F|R】,減衰力調整,ダウン量,備考,定価,物販売価,取付売価,キャンペーン価格,商品ID,物販コード,取付コード,工賃,物販価格,camp価格,取付価格,camp価格
10066,﻿自動車メーカー,車種,型式,年式,適合詳細,メーカー品番,車高調タイプ,アッパーマウント【F|R】,減衰力調整,ダウン量,備考,定価,物販売価,取付売価,キャンペーン価格,商品ID,物販コード,取付コード,工賃,物販価格,camp価格,取付価格,camp価格
10067,﻿自動車メーカー,車種,型式,年式,適合詳細,メーカー品番,車高調タイプ,アッパーマウント【F|R】,減衰力調整,ダウン量,備考,定価,物販売価,取付売価,キャンペーン価格,商品ID,物販コード,取付コード,工賃,物販価格,camp価格,取付価格,camp価格
10068,﻿自動車メーカー,車種,型式,年式,適合詳細,メーカー品番,車高調タイプ,アッパーマウント【F|R】,減衰力調整,ダウン量,備考,定価,物販売価,取付売価,キャンペーン価格,商品ID,物販コード,取付コード,工賃,物販価格,camp価格,取付価格,camp価格
10069,﻿自動車メーカー,車種,型式,年式,適合詳細,メーカー品番,車高調タイプ,アッパーマウント【F|R】,減衰力調整,ダウン量,備考,定価,物販売価,取付売価,キャンペーン価格,商品ID,物販コード,取付コード,工賃,物販価格,camp価格,取付価格,camp価格
10070,﻿自動車メーカー,車種,型式,年式,適合詳細,メーカー品番,車高調タイプ,アッパーマウント【F|R】,減衰力調整,ダウン量,備考,定価,物販売価,取付売価,キャンペーン価格,商品ID,物販コード,取付コード,工賃,物販価格,camp価格,取付価格,camp価格
10071,﻿自動車メーカー,車種,型式,年式,適合詳細,メーカー品番,車高調タイプ,アッパーマウント【F|R】,減衰力調整,ダウン量,備考,定価,物販売価,取付売価,キャンペーン価格,商品ID,物販コード,取付コード,工賃,物販価格,camp価格,取付価格,camp価格
10072,﻿自動車メーカー,車種,型式/モデル,年式,適合詳細,メーカー品番,車高調タイプ,アッパーマウント【F|R】,減衰力調整,ダウン量,備考,定価,物販売価,取付売価,キャンペーン価格,商品ID,物販コード,取付コード
10075,﻿自動車メーカー,車種,型式,年式,適合詳細,メーカー品番,車高調タイプ,アッパーマウント【F|R】,減衰力調整,ダウン量,備考,定価,物販売価,取付売価,キャンペーン価格,商品ID,物販コード,取付コード,工賃,物販価格,camp価格,取付価格,camp価格
10076,﻿自動車メーカー,車種,型式,年式,適合詳細,メーカー品番,車高調タイプ,アッパーマウント【F|R】,減衰力調整,ダウン量,備考,定価,物販売価,取付売価,キャンペーン価格,商品ID,物販コード,取付コード,工賃,物販価格,camp価格,取付価格,camp価格
10077,﻿自動車メーカー,車種,型式,年式,適合詳細,メーカー品番,車高調タイプ,アッパーマウント【F|R】,減衰力調整,ダウン量,備考,定価,物販売価,取付売価,キャンペーン価格,商品ID,物販コード,取付コード,工賃,物販価格,camp価格,取付価格,camp価格
10079,﻿自動車メーカー,車種,型式,年式,適合詳細,メーカー品番,車高調タイプ,アッパーマウント【F|R】,減衰力調整,ダウン量,備考,定価,物販売価,取付売価,キャンペーン価格,商品ID,物販コード,取付コード,工賃,物販価格,camp価格,取付価格,camp価格
10080,﻿自動車メーカー,車種,型式,年式,適合詳細,メーカー品番,車高調タイプ,アッパーマウント【F|R】,減衰力調整,ダウン量,備考,定価,物販売価,取付売価,キャンペーン価格,商品ID,物販コード,取付コード,工賃,物販価格,camp価格,取付価格,camp価格
10081,﻿自動車メーカー,車種,型式,年式,適合詳細,メーカー品番,車高調タイプ,アッパーマウント【F|R】,減衰力調整,ダウン量,備考,定価,物販売価,取付売価,キャンペーン価格,商品ID,物販コード,取付コード,工賃,物販価格,camp価格,取付価格,camp価格
10082,﻿自動車メーカー,車種,型式,年式,適合詳細,メーカー品番,車高調タイプ,アッパーマウント【F|R】,減衰力調整,ダウン量,備考,定価,物販売価,取付売価,キャンペーン価格,商品ID,物販コード,取付コード,工賃,物販価格,camp価格,取付価格,camp価格
10083,﻿自動車メーカー,車種,型式,年式,適合詳細,メーカー品番,車高調タイプ,アッパーマウント【F|R】,減衰力調整,ダウン量,備考,定価,物販売価,取付売価,キャンペーン価格,商品ID,物販コード,取付コード,工賃,物販価格,camp価格,取付価格,camp価格
10084,﻿自動車メーカー,車種,型式,年式,適合詳細,メーカー品番,車高調タイプ,アッパーマウント【F|R】,減衰力調整,ダウン量,備考,定価,物販売価,取付売価,キャンペーン価格,商品ID,物販コード,取付コード,工賃,物販価格,camp価格,取付価格,camp価格
10085,﻿自動車メーカー,車種,型式,年式,適合詳細,メーカー品番,タイプ,減衰力調整,,ダウン/アップ量,備考,定価,物販売価,取付売価,キャンペーン価格,商品ID,物販コード,取付コード,工賃,物販価格,camp価格,取付価格,camp価格
10088,﻿自動車メーカー,車種,型式,年式,適合詳細,メーカー品番,車高調タイプ,アッパーマウント【F|R】,減衰力調整,ダウン量,備考,定価,物販売価,取付売価,キャンペーン価格,商品ID,物販コード,取付コード,工賃,物販価格,camp価格,取付価格,camp価格
10089,﻿自動車メーカー,車種,型式,年式,適合詳細,メーカー品番,車高調タイプ,アッパーマウント【F|R】,減衰力調整,ダウン量,備考,定価,物販売価,取付売価,キャンペーン価格,商品ID,物販コード,取付コード,工賃,物販価格,camp価格,取付価格,camp価格
10090,﻿自動車メーカー,車種,型式,年式,適合詳細,メーカー品番,車高調タイプ,アッパーマウント【F|R】,減衰力調整,ダウン量,備考,定価,物販売価,取付売価,キャンペーン価格,商品ID,物販コード,取付コード,工賃,物販価格,camp価格,取付価格,camp価格
10091,﻿自動車メーカー,車種,型式,年式,適合詳細,メーカー品番,車高調タイプ,アッパーマウント【F|R】,減衰力調整,ダウン量,備考,定価,物販売価,取付売価,キャンペーン価格,商品ID,物販コード,取付コード,工賃,物販価格,camp価格,取付価格,camp価格
10092,﻿自動車メーカー,車種,型式/モデル,年式,適合詳細,メーカー品番,タイプ,,バネレート(F/R),ダウン/アップ量,備考,定価,物販売価,取付売価,キャンペーン価格,商品ID,物販コード,取付コード,工賃,物販売価,camp価格,取付売価,camp価格
10093,﻿自動車メーカー,車種,型式/モデル,年式,適合詳細,メーカー品番,タイプ,,バネレート(F/R),ダウン/アップ量,備考,定価,物販売価,取付売価,キャンペーン価格,商品ID,物販コード,取付コード,工賃,物販売価,camp価格,取付売価,camp価格
10094,﻿自動車メーカー,車種,型式/モデル,年式,適合詳細,メーカー品番,タイプ,,バネレート(F/R),ダウン/アップ量,備考,定価,物販売価,取付売価,キャンペーン価格,商品ID,物販コード,取付コード,工賃,物販売価,camp価格,取付売価,camp価格
10095,﻿自動車メーカー,車種,型式,年式,適合詳細,メーカー品番,車高調タイプ,アッパーマウント【F|R】,減衰力調整,ダウン量,備考,定価,物販売価,取付売価,キャンペーン価格,商品ID,物販コード,取付コード,工賃,物販価格,camp価格,取付価格,camp価格
10096,﻿自動車メーカー,車種,型式,年式,適合詳細,メーカー品番,タイプ,減衰力調整,,ダウン/アップ量,備考,定価,物販売価,取付売価,キャンペーン価格,商品ID,物販コード,取付コード,工賃,物販価格,camp価格,取付価格,camp価格
10097,﻿自動車メーカー,車種,型式,年式,適合詳細,メーカー品番,タイプ,減衰力調整,,ダウン/アップ量,備考,定価,物販売価,取付売価,キャンペーン価格,商品ID,物販コード,取付コード,工賃,物販売価,camp価格,取付売価,camp価格
10098,﻿自動車メーカー,車種,型式,年式,適合詳細,メーカー品番,タイプ,減衰力調整,,ダウン/アップ量,備考,定価,物販売価,取付売価,キャンペーン価格,商品ID,物販コード,取付コード,工賃,物販売価,camp価格,取付価格,camp価格
10099,﻿自動車メーカー,車種,型式,年式,適合詳細,メーカー品番,タイプ,減衰力調整,,ダウン/アップ量,備考,定価,物販売価,取付売価,キャンペーン価格,商品ID,物販コード,取付コード,工賃,物販価格,camp価格,取付価格,camp価格
10100,﻿自動車メーカー,車種,型式,年式,適合詳細,メーカー品番,タイプ,減衰力調整,,ダウン/アップ量,備考,定価,物販売価,取付売価,キャンペーン価格,商品ID,物販コード,取付コード,工賃,物販売価,camp価格,取付売価,camp価格
10101,﻿自動車メーカー,車種,型式,年式,適合詳細,メーカー品番,タイプ,減衰力調整,,ダウン/アップ量,備考,定価,物販売価,取付売価,キャンペーン価格,商品ID,物販コード,取付コード,工賃,物販価格,camp価格,取付価格,camp価格
10102,﻿自動車メーカー,車種,型式,年式,適合詳細,メーカー品番,タイプ,減衰力調整,,ダウン/アップ量,備考,定価,物販売価,取付売価,キャンペーン価格,商品ID,物販コード,取付コード,工賃,物販価格,camp価格,取付価格,camp価格
10103,﻿自動車メーカー,車種,型式,年式,適合詳細,メーカー品番,タイプ,減衰力調整,,ダウン/アップ量,備考,定価,物販売価,取付売価,キャンペーン価格,商品ID,物販コード,取付コード,工賃,物販価格,camp価格,取付価格,camp価格
10104,﻿自動車メーカー,車種,型式,年式,適合詳細,メーカー品番,タイプ,減衰力調整,,ダウン/アップ量,備考,定価,物販売価,取付売価,キャンペーン価格,商品ID,物販コード,取付コード,工賃,物販価格,camp価格,取付価格,camp価格
10105,﻿自動車メーカー,車種,型式,年式,適合詳細,メーカー品番,タイプ,減衰力調整,,ダウン/アップ量,備考,定価,物販売価,取付売価,キャンペーン価格,商品ID,物販コード,取付コード,工賃,物販価格,camp価格,取付価格,camp価格
10106,﻿自動車メーカー,車種,型式,年式,適合詳細,メーカー品番,タイプ,減衰力調整,,ダウン/アップ量,備考,定価,物販売価,取付売価,キャンペーン価格,商品ID,物販コード,取付コード,工賃,物販売価,camp価格,取付売価,camp価格
10107,﻿自動車メーカー,車種,型式,年式,適合詳細,メーカー品番,タイプ,減衰力調整,,ダウン/アップ量,備考,定価,物販売価,取付売価,キャンペーン価格,商品ID,物販コード,取付コード,工賃,物販売価,camp価格,取付売価,camp価格
10108,﻿自動車メーカー,車種,型式/通称型式,年式,適合詳細,メーカー品番,車高調タイプ,アッパーマウント(F|R),減衰力調整,ダウン量,備考,定価,物販売価,取付売価,キャンペーン価格,商品ID,物販コード,取付コード,工賃,物販価格,camp価格,取付価格,camp価格
10109,﻿自動車メーカー,車種,型式/通称型式,年式,適合詳細,メーカー品番,車高調タイプ,アッパーマウント(F|R),減衰力調整,ダウン量,備考,定価,物販売価,取付売価,キャンペーン価格,商品ID,物販コード,取付コード,工賃,物販価格,camp価格,取付価格,camp価格
10110,﻿自動車メーカー,車種,型式/通称型式,年式,適合詳細,メーカー品番,車高調タイプ,アッパーマウント(F|R),減衰力調整,ダウン量,備考,定価,物販売価,取付売価,キャンペーン価格,商品ID,物販コード,取付コード,工賃,物販価格,camp価格,取付価格,camp価格
10111,﻿自動車メーカー,車種,型式/通称型式,年式,適合詳細,メーカー品番,車高調タイプ,アッパーマウント(F|R),減衰力調整,ダウン量,備考,定価,物販売価,取付売価,キャンペーン価格,商品ID,物販コード,取付コード,工賃,物販価格,camp価格,取付価格,camp価格
10112,﻿自動車メーカー,車種,型式/通称型式,年式,適合詳細,メーカー品番,車高調タイプ,アッパーマウント(F|R),減衰力調整,ダウン量,備考,定価,物販売価,取付売価,キャンペーン価格,商品ID,物販コード,取付コード,工賃,物販価格,camp価格,取付価格,camp価格
10115,﻿自動車メーカー,車種,型式,年式,適合詳細,メーカー品番,,,,,備考,定価,物販売価,取付売価,キャンペーン価格,商品ID,物販コード,取付コード,工賃,物販売価,camp価格,取付売価,camp価格
10116,﻿自動車メーカー,車種,型式,年式,適合詳細,メーカー品番,タイプ,減衰力調整,,ダウン/アップ量,備考,定価,物販売価,取付売価,キャンペーン価格,商品ID,物販コード,取付コード,工賃,物販価格,camp価格,取付価格,camp価格
10117,﻿自動車メーカー,車種,型式,年式,適合詳細,メーカー品番,タイプ,減衰力調整,,ダウン/アップ量,備考,定価,物販売価,取付売価,キャンペーン価格,商品ID,物販コード,取付コード,工賃,物販価格,camp価格,取付価格,camp価格
10118,﻿自動車メーカー,車種,型式/モデル,年式,適合詳細,メーカー品番,タイプ,,バネレート(F/R),ダウン/アップ量,備考,定価,物販売価,取付売価,キャンペーン価格,商品ID,物販コード,取付コード,工賃,物販価格,camp価格,取付価格,camp価格
10119,﻿自動車メーカー,車種,型式,年式,適合詳細,メーカー品番,タイプ,減衰力調整,,ダウン/アップ量,備考,定価,物販売価,取付売価,キャンペーン価格,商品ID,物販コード,取付コード,工賃,物販価格,camp価格,取付価格,camp価格
10121,﻿自動車メーカー,車種,型式,年式,適合詳細,メーカー品番,タイプ,減衰力調整,,ダウン/アップ量,備考,定価,物販売価,取付売価,キャンペーン価格,商品ID,物販コード,取付コード,工賃,物販価格,camp価格,取付価格,camp価格
10122,﻿自動車メーカー,車種,型式,年式,適合詳細,メーカー品番,車高調タイプ,アッパーマウント【F|R】,減衰力調整,ダウン量,備考,定価,物販売価,取付売価,キャンペーン価格,商品ID,物販コード,取付コード,定価,工賃,物販価格,camp価格,取付価格,camp価格
10123,﻿自動車メーカー,車種,型式,年式,適合詳細,メーカー品番,車高調タイプ,アッパーマウント【F|R】,減衰力調整,ダウン量,備考,定価,物販売価,取付売価,キャンペーン価格,商品ID,物販コード,取付コード,工賃,物販価格,camp価格,取付価格,camp価格
10125,﻿自動車メーカー,車種,型式,年式,適合詳細,メーカー品番,車高調タイプ,アッパーマウント【F|R】,減衰力調整,ダウン量,備考,定価,物販売価,取付売価,キャンペーン価格,商品ID,物販コード,取付コード,工賃,物販価格,camp価格,取付価格,camp価格
10126,﻿自動車メーカー,車種,型式,年式,適合詳細,メーカー品番,車高調タイプ,アッパーマウント【F|R】,減衰力調整,ダウン量,備考,定価,物販売価,取付売価,キャンペーン価格,商品ID,物販コード,取付コード,工賃,物販価格,camp価格,取付価格,camp価格
10127,﻿自動車メーカー,車種,型式,年式,適合詳細,メーカー品番,車高調タイプ,アッパーマウント【F|R】,減衰力調整,ダウン量,備考,定価,物販売価,取付売価,キャンペーン価格,商品ID,物販コード,取付コード,工賃,物販価格,camp価格,取付価格,camp価格
10128,﻿自動車メーカー,車種,型式,年式,適合詳細,メーカー品番,車高調タイプ,アッパーマウント【F|R】,減衰力調整,ダウン量,備考,定価,物販売価,取付売価,キャンペーン価格,商品ID,物販コード,取付コード,工賃,物販価格,camp価格,取付価格,camp価格
10130,﻿自動車メーカー,車種,型式,年式,適合詳細,メーカー品番,車高調タイプ,アッパーマウント【F|R】,減衰力調整,ダウン量,備考,定価,物販売価,取付売価,キャンペーン価格,商品ID,物販コード,取付コード,工賃,物販売価,cmp価格,取付売価,cmp価格
10131,﻿自動車メーカー,車種,型式,年式,適合詳細,メーカー品番,車高調タイプ,アッパーマウント【F|R】,減衰力調整,ダウン量,備考,定価,物販価格,取付売価,キャンペーン価格,商品ID,物販コード,取付コード,工賃,物販価格,camp価格,取付価格,camp価格
10132,﻿自動車メーカー,車種,型式,年式,適合詳細,メーカー品番,車高調タイプ,アッパーマウント【F|R】,減衰力調整,ダウン量,備考,定価,販売価格,取付売価,キャンペーン価格,商品ID,物販コード,取付コード,工賃,物販価格,camp価格,取付価格,camp価格
10133,﻿自動車メーカー,車種,型式,年式,適合詳細,メーカー品番,車高調タイプ,アッパーマウント【F|R】,減衰力調整,ダウン量,備考,定価,販売価格,SET価格,Camp価格,商品ID,物販コード,取付コード,工賃,物販価格,camp価格,取付価格,camp価格
10134,﻿自動車メーカー,車種,型式,年式,適合詳細,メーカー品番,車高調タイプ,アッパーマウント【F|R】,減衰力調整,ダウン量,備考,定価,販売価格,取付売価,キャンペーン価格,商品ID,物販コード,取付コード,工賃,物販価格,camp価格,取付価格,camp価格
10135,﻿自動車メーカー,車種,型式,年式,適合詳細,メーカー品番,車高調タイプ,アッパーマウント【F|R】,減衰力調整,ダウン量,備考,定価,販売価格,取付売価,キャンペーン価格,商品ID,物販コード,取付コード,工賃,物販価格,camp価格,取付価格,camp価格
10136,﻿自動車メーカー,車種,型式,年式,適合詳細,メーカー品番,車高調タイプ,アッパーマウント【F|R】,減衰力調整,ダウン量,備考,定価,販売価格,取付売価,キャンペーン価格,商品ID,物販コード,取付コード,工賃,物販価格,camp価格,取付価格,camp価格
10137,﻿自動車メーカー,車種,型式,年式,適合詳細,メーカー品番,車高調タイプ,アッパーマウント【F|R】,減衰力調整,ダウン量,備考,定価,販売価格,取付売価,キャンペーン価格,商品ID,物販コード,取付コード,工賃,物販価格,camp価格,取付価格,camp価格
10138,﻿自動車メーカー,車種,型式,年式,適合詳細,メーカー品番,車高調タイプ,アッパーマウント【F|R】,減衰力調整,ダウン量,備考,定価,販売価格,取付売価,キャンペーン価格,商品ID,物販コード,取付コード,工賃,物販価格,camp価格,取付価格,camp価格
10139,﻿自動車メーカー,車種,型式,年式,適合詳細,メーカー品番,車高調タイプ,アッパーマウント【F|R】,減衰力調整,ダウン量,備考,定価,販売価格,取付売価,キャンペーン価格,商品ID,商品コード,取付コード,工賃,物販価格,camp価格,取付価格,camp価格
10140,﻿自動車メーカー,車種,型式,年式,適合詳細,メーカー品番,車高調タイプ,アッパーマウント【F|R】,減衰力調整,ダウン量,備考,定価,物販売価,取付売価,キャンペーン価格,商品ID,物販コード,取付コード,工賃,物販価格,camp価格,取付価格,camp価格
10141,﻿自動車メーカー,車種,型式,年式,適合詳細,メーカー品番,車高調タイプ,アッパーマウント【F|R】,減衰力調整,ダウン量,備考,定価,物販価格,取付売価,キャンペーン価格,商品ID,物販コード,取付コード,工賃,物販価格,camp価格,取付価格,camp価格
10142,﻿自動車メーカー,車種,型式,年式,適合詳細,メーカー品番,車高調タイプ,アッパーマウント【F|R】,減衰力調整,ダウン量,備考,定価,物販価格,取付売価,キャンペーン価格,商品ID,物販コード,取付コード,工賃,物販価格,camp価格,取付価格,camp価格
10144,﻿自動車メーカー,車種,型式/モデル,年式,適合詳細,メーカー品番,タイプ,,バネレート(F/R),ダウン/アップ量,備考,定価,物販売価,取付売価,キャンペーン価格,商品ID,物販コード,取付コード,工賃,物販価格,camp価格,取付価格,camp価格
10145,﻿自動車メーカー,車種,型式/モデル,年式,適合詳細,メーカー品番,タイプ,,バネレート(F/R),ダウン/アップ量,備考,定価,物販売価,取付売価,キャンペーン価格,商品ID,物販コード,取付コード,工賃,物販価格,camp価格,取付価格,camp価格
10146,﻿自動車メーカー,車種,型式/モデル,年式,適合詳細,メーカー品番,タイプ,,バネレート(F/R),ダウン/アップ量,備考,定価,物販売価,取付売価,キャンペーン価格,商品ID,物販コード,取付コード,工賃,物販売価,camp価格,取付売価,camp価格
10147,﻿自動車メーカー,車種,型式/モデル,年式,適合詳細,メーカー品番,タイプ,,バネレート(F/R),ダウン/アップ量,備考,定価,物販売価,取付売価,キャンペーン価格,商品ID,物販コード,取付コード,工賃,物販売価,camp価格,取付売価,camp価格
10148,﻿自動車メーカー,車種,型式/モデル,年式,適合詳細,メーカー品番,タイプ,,バネレート(F/R),ダウン/アップ量,備考,定価,物販売価,取付売価,キャンペーン価格,商品ID,物販コード,取付コード,工賃,物販売価,camp価格,取付売価,camp価格
10149,﻿自動車メーカー,車種,型式/モデル,年式,適合詳細,メーカー品番,タイプ,,バネレート(F/R),ダウン/アップ量,備考,定価,物販売価,取付売価,キャンペーン価格,商品ID,物販コード,取付コード,工賃,物販売価,camp価格,取付売価,camp価格
10150,﻿自動車メーカー,車種,型式/モデル,年式,適合詳細,メーカー品番,タイプ,,バネレート(F/R),ダウン/アップ量,備考,定価,物販売価,取付売価,キャンペーン価格,商品ID,物販コード,取付コード,工賃,物販売価,camp価格,取付売価,camp価格
10151,﻿自動車メーカー,車種,型式/モデル,年式,適合詳細,メーカー品番,タイプ,,バネレート(F/R),ダウン/アップ量,備考,定価,物販売価,取付売価,キャンペーン価格,商品ID,物販コード,取付コード,工賃,物販売価,camp価格,取付売価,camp価格
10153,﻿自動車メーカー,車種,型式,年式,適合詳細,メーカー品番,タイプ,減衰力調整,,ダウン/アップ量,備考,定価,物販売価,取付売価,キャンペーン価格,商品ID,物販コード,取付コード,工賃,物販価格,camp価格,取付価格,camp価格
10154,﻿自動車メーカー,車種,型式,年式,適合詳細,メーカー品番,タイプ,減衰力調整,,ダウン/アップ量,備考,定価,物販売価,取付売価,キャンペーン価格,商品ID,物販コード,取付コード,工賃,物販価格,camp価格,取付価格,camp価格
10155,﻿自動車メーカー,車種,型式,年式,適合詳細,メーカー品番,タイプ,減衰力調整,,ダウン/アップ量,備考,定価,物販売価,取付売価,キャンペーン価格,商品ID,物販コード,取付コード,工賃,物販価格,camp価格,取付価格,camp価格
10156,﻿自動車メーカー,車種,型式,年式,適合詳細,メーカー品番,タイプ,減衰力調整,,ダウン/アップ量,備考,定価,物販売価,取付売価,キャンペーン価格,商品ID,物販コード,取付コード,工賃,物販価格,camp価格,取付価格,camp価格
10158,﻿自動車メーカー,車種,型式,年式,適合詳細,メーカー品番,車高調タイプ,アッパーマウント【F|R】,減衰力調整,ダウン量,備考,定価,物販売価,取付売価,キャンペーン価格,商品ID,物販コード,取付コード,工賃,物販価格,camp価格,取付価格,camp価格
10159,﻿自動車メーカー,車種,型式,年式,適合詳細,メーカー品番,車高調タイプ,アッパーマウント【F|R】,減衰力調整,ダウン量,備考,定価,物販売価,取付売価,キャンペーン価格,商品ID,物販コード,取付コード,工賃,物販価格,camp価格,取付価格,camp価格
10160,﻿自動車メーカー,車種,型式,年式,適合詳細,メーカー品番,車高調タイプ,アッパーマウント【F|R】,減衰力調整,ダウン量,備考,定価,物販売価,取付売価,キャンペーン価格,商品ID,物販コード,取付コード,工賃,物販価格,camp価格,取付価格,camp価格
10161,﻿自動車メーカー,車種,型式,年式,適合詳細,メーカー品番,車高調タイプ,アッパーマウント【F|R】,減衰力調整,ダウン量,備考,定価,物販売価,取付売価,キャンペーン価格,商品ID,物販コード,取付コード,工賃,物販価格,camp価格,取付価格,camp価格
10162,﻿自動車メーカー,車種,型式,年式,適合詳細,メーカー品番,車高調タイプ,アッパーマウント【F|R】,減衰力調整,ダウン量,備考,定価,物販売価,取付売価,キャンペーン価格,商品ID,物販コード,取付コード,工賃,物販価格,camp価格,取付価格,camp価格
10163,﻿自動車メーカー,車種,型式,年式,適合詳細,メーカー品番,車高調タイプ,アッパーマウント【F|R】,減衰力調整,ダウン量,備考,定価,物販売価,取付売価,キャンペーン価格,商品ID,物販コード,取付コード,工賃,物販価格,camp価格,取付価格,camp価格
10164,﻿自動車メーカー,車種,型式,年式,適合詳細,メーカー品番,車高調タイプ,アッパーマウント【F|R】,減衰力調整,ダウン量,備考,定価,物販売価,取付売価,キャンペーン価格,商品ID,物販コード,取付コード,工賃,物販価格,camp価格,取付価格,camp価格
10165,﻿自動車メーカー,車種,型式,年式,適合詳細,メーカー品番,車高調タイプ,アッパーマウント【F|R】,減衰力調整,ダウン量,備考,定価,物販売価,取付売価,キャンペーン価格,商品ID,物販コード,取付コード,工賃,物販価格,camp価格,取付価格,camp価格
10166,﻿自動車メーカー,車種,型式,年式,適合詳細,メーカー品番,車高調タイプ,アッパーマウント【F|R】,減衰力調整,ダウン量,備考,定価,物販売価,取付売価,キャンペーン価格,商品ID,物販コード,取付コード,工賃,物販価格,camp価格,取付価格,camp価格
10167,﻿自動車メーカー,車種,型式,年式,適合詳細,メーカー品番,車高調タイプ,アッパーマウント【F|R】,減衰力調整,ダウン量,備考,定価,物販売価,取付売価,キャンペーン価格,商品ID,物販コード,取付コード,工賃,物販価格,camp価格,取付価格,camp価格
10168,﻿自動車メーカー,車種,型式,年式,適合詳細,メーカー品番,車高調タイプ,アッパーマウント【F|R】,減衰力調整,ダウン量,備考,定価,物販売価,取付売価,キャンペーン価格,商品ID,物販コード,取付コード,工賃,物販価格,camp価格,取付価格,camp価格
10169,﻿自動車メーカー,車種,型式,年式,適合詳細,メーカー品番,車高調タイプ,アッパーマウント【F|R】,減衰力調整,ダウン量,備考,定価,物販売価,取付売価,キャンペーン価格,商品ID,物販コード,取付コード,工賃,物販価格,camp価格,取付価格,camp価格
10170,﻿自動車メーカー,車種,型式,年式,適合詳細,メーカー品番,車高調タイプ,アッパーマウント【F|R】,減衰力調整,ダウン量,備考,定価,販売価格,SET価格,Camp価格,商品ID,物販コード,取付コード,工賃,物販価格,camp価格,取付価格,camp価格
10171,﻿自動車メーカー,車種,型式,年式,適合詳細,メーカー品番,車高調タイプ,アッパーマウント【F|R】,減衰力調整,ダウン量,備考,定価,物販売価,取付売価,キャンペーン価格,商品ID,物販コード,取付コード,工賃,物販価格,camp価格,取付価格,camp価格
10172,﻿自動車メーカー,車種,型式,年式,適合詳細,メーカー品番,車高調タイプ,アッパーマウント【F|R】,減衰力調整,ダウン量,備考,定価,物販売価,取付売価,キャンペーン価格,商品ID,物販コード,取付コード,工賃,物販価格,camp価格,取付価格,camp価格
10173,﻿自動車メーカー,車種,型式,年式,適合詳細,メーカー品番,車高調タイプ,アッパーマウント【F|R】,減衰力調整,ダウン量,備考,定価,物販売価,取付売価,キャンペーン価格,商品ID,物販コード,取付コード,工賃,物販価格,camp価格,取付価格,camp価格
10175,﻿自動車メーカー,車種,型式/モデル,年式,適合詳細,メーカー品番,タイプ,,バネレート(F/R),ダウン/アップ量,備考,定価,物販売価,取付売価,キャンペーン価格,商品ID,物販コード,取付コード,工賃,物販価格,camp価格,取付価格,camp価格
10176,﻿自動車メーカー,車種,型式/モデル,年式,適合詳細,メーカー品番,タイプ,,バネレート(F/R),ダウン/アップ量,備考,定価,物販売価,取付売価,キャンペーン価格,商品ID,物販コード,取付コード,工賃,物販価格,camp価格,取付価格,camp価格
10177,﻿自動車メーカー,車種,型式/モデル,年式,適合詳細,メーカー品番,タイプ,,バネレート(F/R),ダウン/アップ量,備考,定価,物販売価,取付売価,キャンペーン価格,商品ID,物販コード,取付コード,工賃,物販価格,camp価格,取付価格,camp価格
10178,﻿自動車メーカー,車種,型式/モデル,年式,適合詳細,メーカー品番,タイプ,,バネレート(F/R),ダウン/アップ量,備考,定価,物販売価,取付売価,キャンペーン価格,商品ID,物販コード,取付コード,工賃,物販売価,camp価格,取付売価,camp価格
10181,﻿自動車メーカー,車種,型式,年式,適合詳細,メーカー品番,タイプ,減衰力調整,,ダウン/アップ量,備考,定価,物販売価,取付売価,キャンペーン価格,商品ID,物販コード,取付コード,工賃,物販売価,camp価格,取付売価,camp価格
10182,﻿自動車メーカー,車種,型式,年式,適合詳細,メーカー品番,タイプ,減衰力調整,,ダウン/アップ量,備考,定価,物販売価,取付売価,キャンペーン価格,商品ID,物販コード,取付コード,工賃,物販売価,camp価格,取付売価,camp価格
10183,﻿自動車メーカー,車種,型式,年式,適合詳細,メーカー品番,タイプ,減衰力調整,,ダウン/アップ量,備考,定価,物販売価,取付売価,キャンペーン価格,商品ID,物販コード,取付コード,工賃,物販売価,camp価格,取付売価,camp価格
10184,﻿自動車メーカー,車種,型式,年式,適合詳細,メーカー品番,タイプ,減衰力調整,,ダウン/アップ量,備考,定価,物販売価,取付売価,キャンペーン価格,商品ID,物販コード,取付コード,工賃,物販売価,camp価格,取付売価,camp価格
10185,﻿自動車メーカー,車種,型式,年式,適合詳細,メーカー品番,車高調タイプ,アッパーマウント(F|R),減衰力調整,ダウン量,備考,定価,物販売価,取付売価,キャンペーン価格,商品ID,物販コード,取付コード,工賃,物販価格,camp価格,取付価格,camp価格
10186,﻿自動車メーカー,車種,型式,年式,適合詳細,メーカー品番,車高調タイプ,アッパーマウント(F|R),減衰力調整,ダウン量,備考,定価,物販売価,取付売価,キャンペーン価格,商品ID,物販コード,取付コード,工賃,物販価格,camp価格,取付価格,camp価格
10187,﻿自動車メーカー,車種,型式,年式,適合詳細,メーカー品番,車高調タイプ,アッパーマウント(F|R),減衰力調整,ダウン量,備考,定価,物販売価,取付売価,キャンペーン価格,商品ID,物販コード,取付コード,工賃,物販価格,camp価格,取付価格,camp価格
10188,﻿自動車メーカー,車種,型式,年式,適合詳細,メーカー品番,車高調タイプ,アッパーマウント(F|R),減衰力調整,ダウン量,備考,定価,物販売価,取付売価,キャンペーン価格,商品ID,物販コード,取付コード,工賃,物販価格,camp価格,取付価格,camp価格
10189,﻿自動車メーカー,車種,型式,年式,適合詳細,メーカー品番,車高調タイプ,アッパーマウント(F|R),減衰力調整,ダウン量,備考,定価,物販売価,取付売価,キャンペーン価格,商品ID,物販コード,取付コード,工賃,物販価格,camp価格,取付価格,camp価格
10190,﻿自動車メーカー,車種,型式,年式,適合詳細,メーカー品番,車高調タイプ,アッパーマウント(F|R),減衰力調整,ダウン量,備考,定価,物販売価,取付売価,キャンペーン価格,商品ID,物販コード,取付コード,工賃,物販価格,camp価格,取付価格,camp価格
10191,﻿自動車メーカー,車種,型式,年式,適合詳細,メーカー品番,車高調タイプ,アッパーマウント(F|R),減衰力調整,ダウン量,備考,定価,物販売価,取付売価,キャンペーン価格,商品ID,物販コード,取付コード,工賃,物販価格,camp価格,取付価格,camp価格
10192,﻿自動車メーカー,車種,型式,年式,適合詳細,メーカー品番,車高調タイプ,アッパーマウント(F|R),減衰力調整,ダウン量,備考,定価,物販売価,取付売価,キャンペーン価格,商品ID,物販コード,取付コード,工賃,物販価格,camp価格,取付価格,camp価格
10195,﻿自動車メーカー,車種,型式,年式,適合詳細,メーカー品番,車高調タイプ,アッパーマウント(F|R),減衰力調整,ダウン量,備考,定価,物販売価,取付売価,キャンペーン価格,商品ID,物販コード,取付コード,工賃,物販価格,camp価格,取付価格,camp価格
10196,﻿自動車メーカー,車種,型式,年式,適合詳細,メーカー品番,車高調タイプ,アッパーマウント(F|R),減衰力調整,ダウン量,備考,定価,物販売価,取付売価,キャンペーン価格,商品ID,物販コード,取付コード,工賃,物販価格,camp価格,取付価格,camp価格
10197,﻿自動車メーカー,車種,型式,年式,適合詳細,メーカー品番,車高調タイプ,アッパーマウント【F|R】,減衰力調整,ダウン量,備考,定価,物販売価,取付売価,キャンペーン価格,商品ID,物販コード,取付コード,工賃,物販価格,camp価格,取付価格,camp価格
10198,﻿自動車メーカー,車種,型式,年式,適合詳細,メーカー品番,車高調タイプ,アッパーマウント(F|R),減衰力調整,ダウン量,備考,定価,物販売価,取付売価,キャンペーン価格,商品ID,物販コード,取付コード,工賃,物販価格,camp価格,取付価格,camp価格
10199,﻿自動車メーカー,車種,型式,年式,適合詳細,メーカー品番,車高調タイプ,アッパーマウント(F|R),減衰力調整,ダウン量,備考,定価,物販売価,取付売価,キャンペーン価格,商品ID,物販コード,取付コード,工賃,物販価格,camp価格,取付価格,camp価格
10200,﻿自動車メーカー,車種,型式/モデル,年式,適合詳細,メーカー品番,タイプ,,バネレート(F/R),ダウン/アップ量,備考,定価,物販売価,取付売価,キャンペーン価格,商品ID,物販コード,取付コード,工賃,物販売価,cmp価格,取付売価,cmp価格
10201,﻿自動車メーカー,車種,型式/モデル,年式,適合詳細,メーカー品番,タイプ,,バネレート(F/R),ダウン/アップ量,備考,定価,物販売価,取付売価,キャンペーン価格,商品ID,物販コード,取付コード,工賃,物販売価,cmp価格,取付売価,cmp価格
10202,﻿自動車メーカー,車種,型式/モデル,年式,適合詳細,メーカー品番,タイプ,,バネレート(F/R),ダウン/アップ量,備考,定価,物販売価,取付売価,キャンペーン価格,商品ID,物販コード,取付コード,工賃,物販売価,cmp価格,取付売価,cmp価格
10213,﻿自動車メーカー,車種,型式,年式,適合詳細,メーカー品番,車高調タイプ,アッパーマウント【F|R】,減衰力調整,ダウン量,備考,定価,物販売価,取付売価,キャンペーン価格,商品ID,物販コード,取付コード,工賃,物販価格,camp価格,取付価格,camp価格
10214,﻿自動車メーカー,車種,型式,年式,適合詳細,メーカー品番,車高調タイプ,アッパーマウント【F|R】,減衰力調整,ダウン量,備考,定価,物販売価,取付売価,キャンペーン価格,商品ID,物販コード,取付コード,工賃,物販価格,camp価格,取付価格,camp価格
10215,﻿自動車メーカー,車種,型式,年式,適合詳細,メーカー品番,車高調タイプ,アッパーマウント【F|R】,減衰力調整,ダウン量,備考,定価,物販売価,取付売価,キャンペーン価格,商品ID,物販コード,取付コード,工賃,物販価格,camp価格,取付価格,camp価格
10216,﻿自動車メーカー,車種,型式,年式,適合詳細,メーカー品番,車高調タイプ,アッパーマウント【F|R】,減衰力調整,ダウン量,備考,定価,物販売価,取付売価,キャンペーン価格,商品ID,物販コード,取付コード,工賃,物販価格,camp価格,取付価格,camp価格
10217,﻿自動車メーカー,車種,型式,年式,適合詳細,メーカー品番,車高調タイプ,アッパーマウント【F|R】,減衰力調整,ダウン量,備考,定価,物販売価,取付売価,キャンペーン価格,商品ID,物販コード,取付コード,工賃,物販価格,camp価格,取付価格,camp価格
10218,﻿自動車メーカー,車種,型式,年式,適合詳細,メーカー品番,車高調タイプ,アッパーマウント【F|R】,減衰力調整,ダウン量,備考,定価,物販売価,取付売価,キャンペーン価格,商品ID,物販コード,取付コード,工賃,物販価格,camp価格,取付価格,camp価格
10219,﻿自動車メーカー,車種,型式,年式,適合詳細,メーカー品番,車高調タイプ,アッパーマウント【F|R】,減衰力調整,ダウン量,備考,定価,物販売価,取付売価,Camp価格,商品ID,物販コード,取付コード,工賃,物販価格,camp価格,取付価格,camp価格
10220,﻿自動車メーカー,車種,型式,年式,適合詳細,メーカー品番,車高調タイプ,アッパーマウント【F|R】,減衰力調整,ダウン量,備考,定価,物販売価,取付売価,キャンペーン価格,商品ID,物販コード,取付コード,工賃,物販価格,camp価格,取付価格,camp価格
10221,﻿自動車メーカー,車種,型式,年式,適合詳細,メーカー品番,車高調タイプ,アッパーマウント【F|R】,減衰力調整,ダウン量,備考,定価,物販売価,取付売価,キャンペーン価格,商品ID,物販コード,取付コード,工賃,物販価格,camp価格,取付価格,camp価格
10222,﻿自動車メーカー,車種,型式,年式,適合詳細,メーカー品番,タイプ,減衰力調整,,ダウン/アップ量,備考,定価,物販売価,取付売価,キャンペーン価格,商品ID,物販コード,取付コード,工賃,物販売価,cmp価格,取付売価,cmp価格
10223,﻿自動車メーカー,車種,型式,年式,適合詳細,メーカー品番,タイプ,減衰力調整,,ダウン/アップ量,備考,定価,物販売価,取付売価,キャンペーン価格,商品ID,物販コード,取付コード,工賃,物販売価,cmp価格,取付売価,cmp価格
10224,﻿自動車メーカー,車種,型式,年式,適合詳細,メーカー品番,タイプ,減衰力調整,,ダウン/アップ量,備考,定価,物販売価,取付売価,キャンペーン価格,商品ID,物販コード,取付コード,工賃,物販売価,cmp価格,取付売価,cmp価格
10225,﻿ID(内径),自由長,バネレート,-,-,メーカー品番,タイプ,入数,-,仕様,備考,定価,物販売価,取付売価,キャンペーン価格,商品ID,物販コード,取付コード,工賃,物販売価,cmp価格,取付売価,cmp価格
10226,﻿ID(内径),自由長,バネレート,-,-,メーカー品番,タイプ,入数,-,仕様,備考,定価,物販売価,取付売価,キャンペーン価格,商品ID,物販コード,取付コード,工賃,物販売価,cmp価格,取付売価,cmp価格
10227,﻿ID(内径),自由長,バネレート,-,-,メーカー品番,タイプ,入数,-,仕様,備考,定価,物販売価,取付売価,キャンペーン価格,商品ID,物販コード,取付コード,工賃,物販売価,cmp価格,取付売価,cmp価格
10228,﻿ID(内径),自由長,バネレート,-,-,メーカー品番,タイプ,入数,-,仕様,備考,定価,物販売価,取付売価,キャンペーン価格,商品ID,物販コード,取付コード,工賃,物販売価,cmp価格,取付売価,cmp価格
10229,﻿ID(内径),自由長,バネレート,-,-,メーカー品番,タイプ,入数,-,仕様,備考,定価,物販売価,取付売価,キャンペーン価格,商品ID,物販コード,取付コード,工賃,物販売価,cmp価格,取付売価,cmp価格
10230,﻿ID(内径),自由長,バネレート,-,-,メーカー品番,タイプ,入数,-,仕様,備考,定価,物販売価,取付売価,キャンペーン価格,商品ID,物販コード,取付コード,工賃,物販売価,cmp価格,取付売価,cmp価格
10231,﻿ID(内径),自由長,バネレート,-,-,メーカー品番,タイプ,入数,-,仕様,備考,定価,物販売価,取付売価,キャンペーン価格,商品ID,物販コード,取付コード,工賃,物販売価,cmp価格,取付売価,cmp価格
10232,﻿ID(内径),自由長,バネレート,-,-,メーカー品番,タイプ,入数,-,仕様,備考,定価,物販売価,取付売価,キャンペーン価格,商品ID,物販コード,取付コード,工賃,物販売価,cmp価格,取付売価,cmp価格
10233,﻿自動車メーカー,車種,型式,年式,適合詳細,メーカー品番,車高調タイプ,アッパーマウント(F|R),減衰力調整,ダウン量,備考,定価,物販売価,取付売価,キャンペーン価格,商品ID,物販コード,取付コード,工賃,物販価格,camp価格,取付価格,camp価格
10234,﻿自動車メーカー,車種,型式,年式,適合詳細,メーカー品番,車高調タイプ,アッパーマウント(F|R),減衰力調整,ダウン量,備考,定価,物販売価,取付売価,キャンペーン価格,商品ID,物販コード,取付コード,工賃,物販価格,camp価格,取付価格,camp価格
10235,﻿自動車メーカー,車種,型式/モデル,年式,適合詳細,メーカー品番,タイプ,,バネレート(F/R),ダウン/アップ量,備考,定価,物販売価,取付売価,キャンペーン価格,商品ID,物販コード,取付コード,工賃,物販価格,camp価格,取付価格,camp価格
10236,﻿自動車メーカー,車種,型式,年式,適合詳細,メーカー品番,タイプ,減衰力調整,,ダウン/アップ量,備考,定価,物販売価,取付売価,cmp価格,商品ID,物販コード,取付コード,工賃,物販売価,cmp価格,取付売価,cmp価格
10237,﻿自動車メーカー,車種,型式,年式,適合詳細,メーカー品番,タイプ,減衰力調整,,ダウン/アップ量,備考,定価,物販売価,取付売価,キャンペーン価格,商品ID,物販コード,取付コード,工賃,物販売価,cmp価格,取付売価,cmp価格
10238,﻿自動車メーカー,車種,型式,年式,適合詳細,メーカー品番,タイプ,減衰力調整,,ダウン/アップ量,備考,定価,物販売価,取付売価,キャンペーン価格,商品ID,物販コード,取付コード,工賃,物販売価,cmp価格,取付売価,cmp価格
10239,﻿自動車メーカー,車種,型式,年式,適合詳細,メーカー品番,タイプ,減衰力調整,,ダウン/アップ量,備考,定価,物販売価,取付売価,キャンペーン価格,商品ID,物販コード,取付コード,工賃,物販売価,cmp価格,取付売価,cmp価格
10240,﻿自動車メーカー,車種,型式,年式,適合詳細,メーカー品番,タイプ,減衰力調整,,ダウン/アップ量,備考,定価,物販売価,取付売価,キャンペーン価格,商品ID,物販コード,取付コード,工賃,物販売価,cmp価格,取付売価,cmp価格
10241,﻿自動車メーカー,車種,型式,年式,適合詳細,メーカー品番,タイプ,減衰力調整,,ダウン/アップ量,備考,定価,物販売価,取付売価,キャンペーン価格,商品ID,物販コード,取付コード,工賃,物販売価,cmp価格,取付売価,cmp価格
10242,﻿自動車メーカー,車種,型式,年式,適合詳細,メーカー品番,タイプ,減衰力調整,,ダウン/アップ量,備考,定価,物販売価,取付売価,キャンペーン価格,商品ID,物販コード,取付コード,工賃,物販売価,cmp価格,取付売価,cmp価格
10243,﻿自動車メーカー,車種,型式,年式,適合詳細,メーカー品番,タイプ,減衰力調整,,ダウン/アップ量,備考,定価,物販売価,取付売価,キャンペーン価格,商品ID,物販コード,取付コード,工賃,物販売価,cmp価格,取付売価,cmp価格
10244,﻿自動車メーカー,車種,型式,年式,適合詳細,メーカー品番,タイプ,減衰力調整,,ダウン/アップ量,備考,定価,物販売価,取付売価,キャンペーン価格,商品ID,物販コード,取付コード,工賃,物販売価,cmp価格,取付売価,cmp価格
10245,﻿自動車メーカー,車種,型式,年式,適合詳細,メーカー品番,タイプ,減衰力調整,,ダウン/アップ量,備考,定価,物販売価,取付売価,キャンペーン価格,商品ID,物販コード,取付コード,工賃,物販売価,cmp価格,取付売価,cmp価格
10246,﻿自動車メーカー,車種,型式,年式,適合詳細,メーカー品番,タイプ,減衰力調整,,ダウン/アップ量,備考,定価,物販売価,取付売価,キャンペーン価格,商品ID,物販コード,取付コード,工賃,物販売価,cmp価格,取付売価,cmp価格
10247,﻿自動車メーカー,車種,型式,年式,適合詳細,メーカー品番,タイプ,減衰力調整,,ダウン/アップ量,備考,定価,物販売価,取付売価,キャンペーン価格,商品ID,物販コード,取付コード,工賃,物販売価,cmp価格,取付売価,cmp価格
10248,﻿自動車メーカー,車種,型式,年式,適合詳細,メーカー品番,タイプ,減衰力調整,,ダウン/アップ量,備考,定価,物販売価,取付売価,キャンペーン価格,商品ID,物販コード,取付コード,工賃,物販売価,cmp価格,取付売価,cmp価格
10249,﻿自動車メーカー,車種,型式,年式,適合詳細,メーカー品番,タイプ,減衰力調整,,ダウン/アップ量,備考,定価,物販売価,取付売価,キャンペーン価格,商品ID,物販コード,取付コード,工賃,物販売価,cmp価格,取付売価,cmp価格
10250,﻿自動車メーカー,車種,型式,年式,適合詳細,メーカー品番,車高調タイプ,アッパーマウント(F|R),減衰力調整,ダウン量,備考,定価,物販売価,取付売価,キャンペーン価格,商品ID,物販コード,取付コード,工賃,物販価格,camp価格,取付価格,camp価格
10251,﻿自動車メーカー,車種,型式,年式,適合詳細,メーカー品番,車高調タイプ,アッパーマウント(F|R),減衰力調整,ダウン量,備考,定価,物販売価,取付売価,キャンペーン価格,商品ID,物販コード,取付コード,工賃,物販価格,camp価格,取付価格,camp価格
10252,﻿自動車メーカー,車種,型式,年式,適合詳細,メーカー品番,タイプ,減衰力調整,,ダウン/アップ量,備考,定価,物販売価,取付売価,キャンペーン価格,商品ID,物販コード,取付コード,工賃,物販売価,cmp価格,取付売価,cmp価格
10253,﻿自動車メーカー,車種,型式,年式,適合詳細,メーカー品番,タイプ,調整範囲,,,備考,定価,物販売価,取付売価,キャンペーン価格,商品ID,物販コード,取付コード,工賃,物販価格,camp価格,取付価格,camp価格
10254,﻿自動車メーカー,車種,型式,年式,適合詳細,メーカー品番,タイプ,調整範囲,,,備考,定価,物販売価,取付売価,キャンペーン価格,商品ID,物販コード,取付コード
10270,﻿自動車メーカー,車種,型式,年式,適合詳細,メーカー品番,,,,,備考,定価,物販売価,取付売価,キャンペーン価格,商品ID,物販コード,取付コード,工賃,物販売価,camp価格,取付売価,camp価格
10271,﻿自動車メーカー,車種,型式,年式,適合詳細,メーカー品番,,,,,備考,定価,物販売価,取付売価,キャンペーン価格,商品ID,物販コード,取付コード,工賃,物販売価,camp価格,取付売価,camp価格
10272,﻿自動車メーカー,車種,型式,年式,適合詳細,メーカー品番,,,,,備考,定価,物販売価,取付売価,キャンペーン価格,商品ID,物販コード,取付コード,工賃,物販売価,camp価格,取付売価,camp価格
10275,﻿自動車メーカー,車種,型式,年式,適合詳細,メーカー品番,取付位置,,,,備考,定価,物販売価,取付売価,キャンペーン価格,商品ID,物販コード,取付コード,工賃,物販売価,camp価格,取付売価,camp価格
10291,﻿自動車メーカー,車種,型式,年式,適合詳細,メーカー品番,タイプ,調整範囲,,,備考,定価,物販売価,取付売価,キャンペーン価格,商品ID,物販コード,取付コード,工賃,物販売価,cmp価格,取付売価,cmp価格
10292,﻿自動車メーカー,車種,型式,年式,適合詳細,メーカー品番,Fr/Rr,タイプ,適正温度域,材質,備考,定価,物販売価,取付売価,キャンペーン価格,商品ID,物販コード,取付コード,工賃,物販価格,camp価格,取付価格,camp価格
10293,﻿自動車メーカー,車種,型式,年式,適合詳細,メーカー品番,Fr/Rr,タイプ,適正温度域,材質,備考,定価,物販売価,取付売価,キャンペーン価格,商品ID,物販コード,取付コード,工賃,物販価格,camp価格,取付価格,camp価格
10294,﻿自動車メーカー,車種,型式,年式,適合詳細,メーカー品番,Fr/Rr,タイプ,スリット/ドリルド,材質,備考,定価,物販売価,取付売価,キャンペーン価格,商品ID,物販コード,取付コード,工賃,物販価格,camp価格,取付価格,camp価格
10295,﻿自動車メーカー,車種,型式,年式,適合詳細,メーカー品番,Fr/Rr,タイプ,スリット/ドリルド,材質,備考,定価,物販売価,取付売価,キャンペーン価格,商品ID,物販コード,取付コード,工賃,物販価格,camp価格,取付価格,camp価格
10296,﻿自動車メーカー,車種,型式,年式,適合詳細,メーカー品番,Fr/Rr,タイプ,スリット/ドリルド,材質,備考,定価,物販売価,取付売価,キャンペーン価格,商品ID,物販コード,取付コード,工賃,物販価格,camp価格,取付価格,camp価格
10297,﻿自動車メーカー,車種,型式,年式,適合詳細,メーカー品番,Fr/Rr,タイプ,適正温度域,材質,備考,定価,物販売価,取付売価,キャンペーン価格,商品ID,物販コード,取付コード,工賃,物販価格,camp価格,取付価格,camp価格
10298,﻿自動車メーカー,車種,型式,年式,適合詳細,メーカー品番,Fr/Rr,タイプ,適正温度域,材質,備考,定価,物販売価,取付売価,キャンペーン価格,商品ID,物販コード,取付コード,工賃,物販価格,camp価格,取付価格,camp価格
10299,﻿自動車メーカー,車種,型式,年式,適合詳細,メーカー品番,Fr/Rr,タイプ,適正温度域,材質,備考,定価,物販売価,取付売価,キャンペーン価格,商品ID,物販コード,取付コード,工賃,物販価格,camp価格,取付価格,camp価格
10300,﻿自動車メーカー,車種,型式,年式,適合詳細,メーカー品番,Fr/Rr,タイプ,適正温度域,材質,備考,定価,物販売価,取付売価,キャンペーン価格,商品ID,物販コード,取付コード,工賃,物販価格,camp価格,取付価格,camp価格
10301,﻿自動車メーカー,車種,型式,年式,適合詳細,メーカー品番,Fr/Rr,タイプ,適正温度域,材質,備考,定価,物販売価,取付売価,キャンペーン価格,商品ID,物販コード,取付コード,工賃,物販価格,camp価格,取付価格,camp価格
10302,﻿自動車メーカー,車種,型式,年式,適合詳細,メーカー品番,Fr/Rr,タイプ,適正温度域,材質,備考,定価,物販売価,取付売価,キャンペーン価格,商品ID,物販コード,取付コード,工賃,物販売価,cmp価格,取付売価,cmp価格
10303,﻿自動車メーカー,車種,型式,年式,適合詳細,メーカー品番,Fr/Rr,タイプ,適正温度域,材質,備考,定価,物販売価,取付売価,キャンペーン価格,商品ID,物販コード,取付コード,工賃,物販価格,camp価格,取付価格,camp価格
10304,﻿自動車メーカー,車種,型式,年式,適合詳細,メーカー品番,Fr/Rr,タイプ,適正温度域,材質,備考,定価,物販売価,取付売価,キャンペーン価格,商品ID,物販コード,取付コード,工賃,物販価格,camp価格,取付価格,camp価格
10305,﻿自動車メーカー,車種,型式,年式,適合詳細,メーカー品番,Fr/Rr,タイプ,適正温度域,材質,備考,定価,物販売価,取付売価,キャンペーン価格,商品ID,物販コード,取付コード,工賃,物販価格,camp価格,取付価格,camp価格
10306,﻿自動車メーカー,車種,型式,年式,適合詳細,メーカー品番,Fr/Rr,タイプ,適正温度域,材質,備考,定価,物販売価,取付売価,キャンペーン価格,商品ID,物販コード,取付コード,工賃,物販価格,camp価格,取付価格,camp価格
10344,﻿自動車メーカー,車種,型式,年式,適合詳細,メーカー品番,Fr/Rr,タイプ,適正温度域,材質,備考,定価,物販売価,取付売価,キャンペーン価格,商品ID,物販コード,取付コード,工賃,物販価格,camp価格,取付価格,camp価格
10345,﻿自動車メーカー,車種,型式,年式,適合詳細,メーカー品番,Fr/Rr,タイプ,適正温度域,材質,備考,定価,物販価格,取付売価,キャンペーン価格,商品ID,物販コード,取付コード,工賃,物販価格,camp価格,取付価格,camp価格
10346,﻿自動車メーカー,車種,型式,年式,適合詳細,メーカー品番,Fr/Rr,タイプ,適正温度域,材質,備考,定価,物販売価,取付売価,キャンペーン価格,商品ID,物販コード,取付コード,工賃,物販価格,camp価格,取付価格,camp価格
10347,﻿自動車メーカー,車種,型式,年式,適合詳細,メーカー品番,Fr/Rr,タイプ,適正温度域,材質,備考,定価,物販売価,取付売価,キャンペーン価格,商品ID,物販コード,取付コード,工賃,物販価格,camp価格,取付価格,camp価格
10350,﻿自動車メーカー,車種,型式,年式,適合詳細,メーカー品番,Fr/Rr,タイプ,適正温度域,材質,備考,定価,物販売価,取付売価,キャンペーン価格,商品ID,物販コード,取付コード,工賃,物販価格,camp価格,取付価格,camp価格
10351,﻿自動車メーカー,車種,型式,年式,適合詳細,メーカー品番,Fr/Rr,タイプ,適正温度域,材質,備考,定価,物販売価,取付売価,キャンペーン価格,商品ID,物販コード,取付コード,工賃,物販価格,camp価格,取付価格,camp価格
10353,﻿自動車メーカー,車種,型式,年式,適合詳細,メーカー品番,Fr/Rr,タイプ,適正温度域,材質,備考,定価,物販売価,取付売価,キャンペーン価格,商品ID,物販コード,取付コード,工賃,物販価格,camp価格,取付価格,camp価格
10354,﻿自動車メーカー,車種,型式,年式,適合詳細,メーカー品番,Fr/Rr,タイプ,適正温度域,材質,備考,定価,物販価格,取付売価,キャンペーン価格,商品ID,物販コード,取付コード,工賃,物販価格,camp価格,取付価格,camp価格
10355,﻿自動車メーカー,車種,型式,年式,適合詳細,メーカー品番,Fr/Rr,タイプ,適正温度域,材質,備考,定価,物販売価,取付売価,キャンペーン価格,商品ID,物販コード,取付コード,工賃,物販価格,camp価格,取付価格,camp価格
10356,﻿自動車メーカー,車種,型式,年式,適合詳細,メーカー品番,Fr/Rr,タイプ,適正温度域,材質,備考,定価,物販売価,取付売価,キャンペーン価格,商品ID,物販コード,取付コード,工賃,物販価格,camp価格,取付価格,camp価格
10359,﻿自動車メーカー,車種,型式,年式,適合詳細,メーカー品番,Fr/Rr,タイプ,適正温度域,材質,備考,定価,物販売価,取付売価,キャンペーン価格,商品ID,物販コード,取付コード,工賃,物販価格,camp価格,取付価格,camp価格
10360,﻿自動車メーカー,車種,型式,年式,適合詳細,メーカー品番,Fr/Rr,タイプ,適正温度域,材質,備考,定価,物販価格,取付売価,キャンペーン価格,商品ID,物販コード,取付コード,工賃,物販価格,camp価格,取付価格,camp価格
10361,﻿自動車メーカー,車種,型式,年式,適合詳細,メーカー品番,Fr/Rr,タイプ,適正温度域,材質,備考,定価,物販売価,取付売価,キャンペーン価格,商品ID,物販コード,取付コード,工賃,物販価格,camp価格,取付価格,camp価格
10367,﻿自動車メーカー,車種,型式,年式,適合詳細,メーカー品番,Fr/Rr,タイプ,スリット/ドリルド,材質,備考,定価,物販売価,取付売価,キャンペーン価格,商品ID,物販コード,取付コード,工賃,物販価格,camp価格,取付価格,camp価格
10368,﻿自動車メーカー,車種,型式,年式,適合詳細,メーカー品番,Fr/Rr,タイプ,スリット/ドリルド,材質,備考,定価,物販売価,取付売価,キャンペーン価格,商品ID,物販コード,取付コード,工賃,物販価格,camp価格,取付価格,camp価格
10369,﻿自動車メーカー,車種,型式,年式,適合詳細,メーカー品番,Fr/Rr,タイプ,スリット/ドリルド,材質,備考,定価,物販売価,取付売価,キャンペーン価格,商品ID,物販コード,取付コード,工賃,物販価格,camp価格,取付価格,camp価格
10370,﻿自動車メーカー,車種,型式,年式,適合詳細,メーカー品番,Fr/Rr,タイプ,スリット/ドリルド,材質,備考,定価,物販売価,取付売価,キャンペーン価格,商品ID,物販コード,取付コード,工賃,物販価格,camp価格,取付価格,camp価格
10371,﻿自動車メーカー,車種,型式,年式,適合詳細,メーカー品番,Fr/Rr,タイプ,スリット/ドリルド,材質,備考,定価,物販売価,取付売価,キャンペーン価格,商品ID,物販コード,取付コード,工賃,物販価格,camp価格,取付価格,camp価格
10372,﻿自動車メーカー,車種,型式,年式,適合詳細,メーカー品番,Fr/Rr,タイプ,スリット/ドリルド,材質,備考,定価,物販売価,取付売価,キャンペーン価格,商品ID,物販コード,取付コード,工賃,物販価格,camp価格,取付価格,camp価格
10430,﻿自動車メーカー,車種,型式,年式,適合詳細,メーカー品番,セット内容,タイプ,ホースカラー,ジャケットカラー,備考,定価,物販売価,取付売価,キャンペーン価格,商品ID,物販コード,取付コード,工賃,物販価格,camp価格,取付価格,camp価格
10435,﻿ID(内径),自由長,バネレート,-,-,メーカー品番,タイプ,入数,-,仕様,備考,定価,物販売価,取付売価,キャンペーン価格,商品ID,物販コード,取付コード,工賃,物販売価,cmp価格,取付売価,cmp価格
10436,﻿自動車メーカー,車種,型式,年式,適合詳細,メーカー品番,入数,内径(ID),,,備考,定価,物販売価,取付売価,キャンペーン価格,商品ID,物販コード,取付コード,工賃,物販売価,camp価格,取付売価,camp価格
10437,﻿自動車メーカー,車種,型式,年式,適合詳細,メーカー品番,取付位置,タイプ,仕様,,備考,定価,物販売価,取付売価,キャンペーン価格,商品ID,物販コード,取付コード,工賃,物販売価,camp価格,取付売価,camp価格
10439,﻿自動車メーカー,車種,型式,年式,適合詳細,メーカー品番,取付位置,タイプ,仕様,,備考,定価,物販売価,取付売価,キャンペーン価格,商品ID,物販コード,取付コード,工賃,物販売価,camp価格,取付売価,camp価格
10446,﻿自動車メーカー,車種,型式,年式,適合詳細,メーカー品番,取付位置,タイプ,仕様,,備考,定価,物販売価,取付売価,キャンペーン価格,商品ID,物販コード,取付コード,工賃,物販売価,camp価格,取付売価,camp価格
10447,﻿自動車メーカー,車種,型式,年式,適合詳細,メーカー品番,取付位置,タイプ,仕様,,備考,定価,物販売価,取付売価,キャンペーン価格,商品ID,物販コード,取付コード,工賃,物販売価,camp価格,取付売価,camp価格
10450,﻿自動車メーカー,車種,型式,年式,適合詳細,メーカー品番,取付位置,タイプ,仕様,,備考,定価,物販売価,取付売価,キャンペーン価格,商品ID,物販コード,取付コード,工賃,物販売価,camp価格,取付売価,camp価格
10453,﻿自動車メーカー,車種,型式,年式,適合詳細,メーカー品番,取付位置,タイプ,仕様,,備考,定価,物販売価,取付売価,キャンペーン価格,商品ID,物販コード,取付コード,工賃,物販売価,camp価格,取付売価,camp価格
10455,﻿自動車メーカー,車種,型式,年式,適合詳細,メーカー品番,取付位置,タイプ,仕様,,備考,定価,物販売価,取付売価,キャンペーン価格,商品ID,物販コード,取付コード,工賃,物販売価,camp価格,取付売価,camp価格
10456,﻿自動車メーカー,車種,型式,年式,適合詳細,メーカー品番,取付位置,タイプ,仕様,,備考,定価,物販売価,取付売価,キャンペーン価格,商品ID,物販コード,取付コード,工賃,物販売価,camp価格,取付売価,camp価格
10457,﻿自動車メーカー,車種,型式,年式,適合詳細,メーカー品番,取付位置,タイプ,仕様,,備考,定価,物販売価,取付売価,キャンペーン価格,商品ID,物販コード,取付コード,工賃,物販売価,camp価格,取付売価,camp価格
10458,﻿自動車メーカー,車種,型式,年式,適合詳細,メーカー品番,タイプ,内容,仕様,,備考,定価,物販売価,取付売価,キャンペーン価格,商品ID,物販コード,取付コード,工賃,物販売価,camp価格,取付売価,camp価格
10462,﻿自動車メーカー,車種,型式,年式,適合詳細,メーカー品番,タイプ,内容,仕様,,備考,定価,物販売価,取付売価,キャンペーン価格,商品ID,物販コード,取付コード,工賃,物販売価,camp価格,取付売価,camp価格
10463,﻿自動車メーカー,車種,型式,年式,適合詳細,メーカー品番,タイプ,内容,仕様,,備考,定価,物販売価,取付売価,キャンペーン価格,商品ID,物販コード,取付コード,工賃,物販売価,camp価格,取付売価,camp価格
10464,﻿自動車メーカー,車種,型式,年式,適合詳細,メーカー品番,タイプ,内容,仕様,,備考,定価,物販売価,取付売価,キャンペーン価格,商品ID,物販コード,取付コード,工賃,物販売価,camp価格,取付売価,camp価格
10467,﻿自動車メーカー,車種,型式,年式,適合詳細,メーカー品番,タイプ,内容,仕様,,備考,定価,物販売価,取付売価,キャンペーン価格,商品ID,物販コード,取付コード,工賃,物販売価,camp価格,取付売価,camp価格
10469,﻿自動車メーカー,車種,型式,年式,適合詳細,メーカー品番,タイプ,内容,仕様,,備考,定価,物販売価,取付売価,キャンペーン価格,商品ID,物販コード,取付コード,工賃,物販売価,camp価格,取付売価,camp価格
10472,﻿自動車メーカー,車種,型式,年式,適合詳細,メーカー品番,タイプ,内容,仕様,,備考,定価,物販売価,取付売価,キャンペーン価格,商品ID,物販コード,取付コード,工賃,物販売価,camp価格,取付売価,camp価格
10474,﻿自動車メーカー,車種,型式,年式,適合詳細,メーカー品番,タイプ,内容,仕様,,備考,定価,物販売価,取付売価,キャンペーン価格,商品ID,物販コード,取付コード,工賃,物販売価,camp価格,取付売価,camp価格
10477,﻿自動車メーカー,車種,型式,年式,適合詳細,メーカー品番,タイプ,内容,仕様,,備考,定価,物販売価,取付売価,キャンペーン価格,商品ID,物販コード,取付コード,工賃,物販売価,camp価格,取付売価,camp価格
10479,﻿自動車メーカー,車種,型式,年式,適合詳細,メーカー品番,タイプ,内容,仕様,,備考,定価,物販売価,取付売価,キャンペーン価格,商品ID,物販コード,取付コード,工賃,物販売価,camp価格,取付売価,camp価格
10483,﻿自動車メーカー,車種,型式,年式,適合詳細,メーカー品番,タイプ,セット内容,仕様,,備考,定価,物販売価,取付売価,キャンペーン価格,商品ID,物販コード,取付コード,工賃,物販売価,camp価格,取付売価,camp価格
10484,﻿自動車メーカー,車種,型式,年式,適合詳細,メーカー品番,タイプ,仕様,,,備考,定価,物販売価,取付売価,キャンペーン価格,商品ID,物販コード,取付コード,工賃,物販価格,camp価格,取付価格,camp価格
10500,﻿自動車メーカー,車種,型式,年式,適合詳細,メーカー品番,,,,,備考,定価,物販売価,取付売価,キャンペーン価格,商品ID,物販コード,取付コード,工賃,物販売価,camp価格,取付売価,camp価格
10524,﻿自動車メーカー,車種,型式,年式,適合詳細,メーカー品番,タイプ,内容,仕様,,備考,定価,物販売価,取付売価,キャンペーン価格,商品ID,物販コード,取付コード,工賃,物販売価,camp価格,取付売価,camp価格
10525,﻿自動車メーカー,車種,型式,年式,適合詳細,メーカー品番,タイプ,内容,仕様,,備考,定価,物販売価,取付売価,キャンペーン価格,商品ID,物販コード,取付コード,工賃,物販売価,camp価格,取付売価,camp価格
10526,﻿自動車メーカー,車種,型式,年式,適合詳細,メーカー品番,タイプ,内容,仕様,,備考,定価,物販売価,取付売価,キャンペーン価格,商品ID,物販コード,取付コード,工賃,物販売価,camp価格,取付売価,camp価格
10527,﻿自動車メーカー,車種,型式,年式,適合詳細,メーカー品番,タイプ,内容,仕様,,備考,定価,物販売価,取付売価,キャンペーン価格,商品ID,物販コード,取付コード,工賃,物販売価,camp価格,取付売価,camp価格
10528,﻿自動車メーカー,車種,型式,年式,適合詳細,メーカー品番,タイプ,内容,仕様,,備考,定価,物販売価,取付売価,キャンペーン価格,商品ID,物販コード,取付コード,工賃,物販売価,camp価格,取付売価,camp価格
10529,﻿自動車メーカー,車種,型式,年式,適合詳細,メーカー品番,タイプ,内容,仕様,,備考,定価,物販売価,取付売価,キャンペーン価格,商品ID,物販コード,取付コード,工賃,物販売価,camp価格,取付売価,camp価格
10531,﻿自動車メーカー,車種,型式,年式,適合詳細,メーカー品番,タイプ,調整範囲,材質,,備考,定価,物販売価,取付売価,キャンペーン価格,商品ID,物販コード,取付コード,工賃,物販売価,camp価格,取付売価,camp価格
10534,﻿自動車メーカー,車種,型式,年式,適合詳細,メーカー品番,タイプ,調整範囲,材質,,備考,定価,物販売価,取付売価,キャンペーン価格,商品ID,物販コード,取付コード,工賃,物販売価,camp価格,取付売価,camp価格
10535,﻿自動車メーカー,車種,型式,年式,適合詳細,メーカー品番,タイプ,調整範囲,材質,,備考,定価,物販売価,取付売価,キャンペーン価格,商品ID,物販コード,取付コード,工賃,物販売価,camp価格,取付売価,camp価格
10536,﻿自動車メーカー,車種,型式,年式,適合詳細,メーカー品番,タイプ,調整範囲,材質,,備考,定価,物販売価,取付売価,キャンペーン価格,商品ID,物販コード,取付コード,工賃,物販売価,camp価格,取付売価,camp価格
10538,﻿自動車メーカー,車種,型式,年式,適合詳細,メーカー品番,タイプ,調整範囲,材質,,備考,定価,物販売価,取付売価,キャンペーン価格,商品ID,物販コード,取付コード,工賃,物販売価,camp価格,取付売価,camp価格
10539,﻿自動車メーカー,車種,型式,年式,適合詳細,メーカー品番,タイプ,調整範囲,材質,,備考,定価,物販売価,取付売価,キャンペーン価格,商品ID,物販コード,取付コード,工賃,物販売価,camp価格,取付売価,camp価格
10540,﻿自動車メーカー,車種,型式,年式,適合詳細,メーカー品番,タイプ,調整範囲,材質,,備考,定価,物販売価,取付売価,キャンペーン価格,商品ID,物販コード,取付コード,工賃,物販売価,camp価格,取付売価,camp価格
10541,﻿自動車メーカー,車種,型式,年式,適合詳細,メーカー品番,タイプ,調整範囲,材質,,備考,定価,物販売価,取付売価,キャンペーン価格,商品ID,物販コード,取付コード,工賃,物販売価,camp価格,取付売価,camp価格
10542,﻿自動車メーカー,車種,型式,年式,適合詳細,メーカー品番,タイプ,調整範囲,材質,,備考,定価,物販売価,取付売価,キャンペーン価格,商品ID,物販コード,取付コード,工賃,物販売価,camp価格,取付売価,camp価格
10543,﻿自動車メーカー,車種,型式,年式,適合詳細,メーカー品番,タイプ,調整範囲,材質,,備考,定価,物販売価,取付売価,キャンペーン価格,商品ID,物販コード,取付コード,工賃,物販売価,camp価格,取付売価,camp価格
10553,﻿自動車メーカー,車種,型式,年式,適合詳細,メーカー品番,タイプ,調整範囲,材質,,備考,定価,物販売価,取付売価,キャンペーン価格,商品ID,物販コード,取付コード,工賃,物販売価,camp価格,取付売価,camp価格
10554,﻿自動車メーカー,車種,型式,年式,適合詳細,メーカー品番,タイプ,仕様,,,備考,定価,物販売価,取付売価,キャンペーン価格,商品ID,物販コード,取付コード,工賃,物販売価,camp価格,取付売価,camp価格
10555,﻿自動車メーカー,車種,型式,年式,適合詳細,メーカー品番,タイプ,仕様,,,備考,定価,物販売価,取付売価,キャンペーン価格,商品ID,物販コード,取付コード,工賃,物販売価,camp価格,取付売価,camp価格
10556,﻿自動車メーカー,車種,型式,年式,適合詳細,メーカー品番,タイプ,仕様,,,備考,定価,物販売価,取付売価,キャンペーン価格,商品ID,物販コード,取付コード,工賃,物販売価,camp価格,取付売価,camp価格
10557,﻿自動車メーカー,車種,型式,年式,適合詳細,メーカー品番,タイプ,仕様,,,備考,定価,物販売価,取付売価,キャンペーン価格,商品ID,物販コード,取付コード,工賃,物販売価,camp価格,取付売価,camp価格
10558,﻿自動車メーカー,車種,型式,年式,適合詳細,メーカー品番,タイプ,仕様,,,備考,定価,物販売価,取付売価,キャンペーン価格,商品ID,物販コード,取付コード,工賃,物販売価,camp価格,取付売価,camp価格
10559,﻿自動車メーカー,車種,型式,年式,適合詳細,メーカー品番,タイプ,仕様,,,備考,定価,物販売価,取付売価,キャンペーン価格,商品ID,物販コード,取付コード,工賃,物販売価,camp価格,取付売価,camp価格
10560,﻿自動車メーカー,車種,型式,年式,適合詳細,メーカー品番,タイプ,仕様,,,備考,定価,物販売価,取付売価,キャンペーン価格,商品ID,物販コード,取付コード,工賃,物販売価,camp価格,取付売価,camp価格
10561,﻿自動車メーカー,車種,型式,年式,適合詳細,メーカー品番,タイプ,仕様,,,備考,定価,物販売価,取付売価,キャンペーン価格,商品ID,物販コード,取付コード,工賃,物販売価,camp価格,取付売価,camp価格
10562,﻿自動車メーカー,車種,型式,年式,適合詳細,メーカー品番,タイプ,仕様,,,備考,定価,物販売価,取付売価,キャンペーン価格,商品ID,物販コード,取付コード,工賃,物販売価,camp価格,取付売価,camp価格
10563,﻿自動車メーカー,車種,型式,年式,適合詳細,メーカー品番,タイプ,仕様,,,備考,定価,物販売価,取付売価,キャンペーン価格,商品ID,物販コード,取付コード,工賃,物販売価,camp価格,取付売価,camp価格
10564,﻿自動車メーカー,車種,型式,年式,適合詳細,メーカー品番,タイプ,仕様,,,備考,定価,物販売価,取付売価,キャンペーン価格,商品ID,物販コード,取付コード,工賃,物販売価,camp価格,取付売価,camp価格
10565,﻿自動車メーカー,車種,型式,年式,適合詳細,メーカー品番,タイプ,仕様,,,備考,定価,物販売価,取付売価,キャンペーン価格,商品ID,物販コード,取付コード,工賃,物販売価,camp価格,取付売価,camp価格
10566,﻿自動車メーカー,車種,型式,年式,適合詳細,メーカー品番,タイプ,仕様,,,備考,定価,物販売価,取付売価,キャンペーン価格,商品ID,物販コード,取付コード,工賃,物販売価,camp価格,取付売価,camp価格
10567,﻿自動車メーカー,車種,型式,年式,適合詳細,メーカー品番,タイプ,仕様,,,備考,定価,物販売価,取付売価,キャンペーン価格,商品ID,物販コード,取付コード,工賃,物販売価,camp価格,取付売価,camp価格
10568,﻿自動車メーカー,車種,型式,年式,適合詳細,メーカー品番,タイプ,仕様,,,備考,定価,物販売価,取付売価,キャンペーン価格,商品ID,物販コード,取付コード,工賃,物販売価,camp価格,取付売価,camp価格
10569,﻿自動車メーカー,車種,型式,年式,適合詳細,メーカー品番,タイプ,仕様,,,備考,定価,物販売価,取付売価,キャンペーン価格,商品ID,物販コード,取付コード,工賃,物販売価,camp価格,取付売価,camp価格
10570,﻿自動車メーカー,車種,型式,年式,適合詳細,メーカー品番,タイプ,仕様,,,備考,定価,物販売価,取付売価,キャンペーン価格,商品ID,物販コード,取付コード,工賃,物販売価,camp価格,取付売価,camp価格
10571,﻿自動車メーカー,車種,型式,年式,適合詳細,メーカー品番,タイプ,仕様,,,備考,定価,物販売価,取付売価,キャンペーン価格,商品ID,物販コード,取付コード,工賃,物販売価,camp価格,取付売価,camp価格
10610,﻿自動車メーカー,車種,型式,年式,適合詳細,メーカー品番,タイプ・入り数,熱価,サイズ,純正の規格・熱価,備考,定価,物販売価,取付売価,キャンペーン価格,商品ID,物販コード,取付コード,工賃,物販売価,camp価格,取付売価,cmp価格
10621,﻿ID(内径),自由長,バネレート,-,-,メーカー品番,タイプ,入数,-,仕様,備考,定価,物販売価,取付売価,キャンペーン価格,商品ID,物販コード,取付コード,工賃,物販売価,cmp価格,取付売価,cmp価格
10625,﻿自動車メーカー,車種,型式,年式,適合詳細,メーカー品番,タイプ,仕様,,,備考,定価,物販売価,取付売価,キャンペーン価格,商品ID,物販コード,取付コード,工賃,物販売価,camp価格,取付売価,camp価格
10628,﻿自動車メーカー,車種,型式,年式,適合詳細,メーカー品番,タイプ,カラー,仕様,,備考,定価,物販売価,取付売価,キャンペーン価格,商品ID,物販コード,取付コード,工賃,物販売価,camp価格,取付売価,camp価格
10629,﻿自動車メーカー,車種,型式,年式,適合詳細,メーカー品番,タイプ,カラー,仕様,,備考,定価,物販売価,取付売価,キャンペーン価格,商品ID,物販コード,取付コード,工賃,物販売価,camp価格,取付売価,camp価格
10667,﻿自動車メーカー,車種,型式,年式,適合詳細,メーカー品番,タイプ,対応純正品番,,,備考,定価,物販売価,取付売価,キャンペーン価格,商品ID,物販コード,取付コード,工賃,物販売価,camp価格,取付売価,camp価格
10668,﻿自動車メーカー,車種,型式,年式,適合詳細,メーカー品番,タイプ,対応純正品番,,,備考,定価,物販売価,取付売価,キャンペーン価格,商品ID,物販コード,取付コード,工賃,物販売価,camp価格,取付売価,camp価格
10669,﻿自動車メーカー,車種,型式,年式,適合詳細,メーカー品番,タイプ,対応純正品番,,,備考,定価,物販売価,取付売価,キャンペーン価格,商品ID,物販コード,取付コード,工賃,物販売価,camp価格,取付売価,camp価格
10670,﻿自動車メーカー,適合車種,型式,年式,適合詳細,メーカー品番,,,,,備考,定価,物販売価,取付売価,キャンペーン価格,商品ID,物販コード,取付コード,工賃,物販売価,camp価格,取付売価,camp価格
10671,﻿自動車メーカー,車種,型式,年式,適合詳細,メーカー品番,,,,,備考,定価,物販売価,取付売価,キャンペーン価格,商品ID,物販コード,取付コード,工賃,物販売価,camp価格,取付売価,camp価格
10672,﻿自動車メーカー,車種,型式,年式,適合詳細,メーカー品番,セット内容,純正品番(刻印/ラベル品番),,,,備考,定価,物販売価,取付売価,キャンペーン価格,商品ID,物販コード,取付コード,工賃,物販売価,camp価格,取付売価,camp価格
10673,﻿自動車メーカー,車種,型式,年式,適合詳細,メーカー品番,入数,内径(ID),,,備考,定価,物販売価,取付売価,キャンペーン価格,商品ID,物販コード,取付コード,工賃,物販売価,camp価格,取付売価,camp価格
10675,﻿自動車メーカー,車種,型式,年式,適合詳細,メーカー品番,車高調タイプ,アッパーマウント【F|R】,減衰力調整,ダウン量,備考,定価,物販売価,取付売価,キャンペーン価格,商品ID,物販コード,取付コード,工賃,物販売価,camp価格,取付売価,camp価格
10676,﻿自動車メーカー,車種,型式,年式,適合詳細,メーカー品番,車高調タイプ,アッパーマウント【F|R】,減衰力調整,ダウン量,備考,定価,物販売価,取付売価,キャンペーン価格,商品ID,物販コード,取付コード,工賃,物販売価,camp価格,取付売価,camp価格
10677,﻿自動車メーカー,車種,型式,年式,適合詳細,メーカー品番,車高調タイプ,アッパーマウント【F|R】,減衰力調整,ダウン量,備考,定価,物販売価,取付売価,キャンペーン価格,商品ID,物販コード,取付コード,工賃,物販売価,camp価格,取付売価,camp価格
10678,﻿自動車メーカー,車種,型式,年式,適合詳細,メーカー品番,車高調タイプ,アッパーマウント【F|R】,減衰力調整,ダウン量,備考,定価,物販売価,取付売価,キャンペーン価格,商品ID,物販コード,取付コード,工賃,物販売価,camp価格,取付売価,camp価格
10679,﻿自動車メーカー,車種,型式,年式,適合詳細,メーカー品番,車高調タイプ,アッパーマウント【F|R】,減衰力調整,ダウン量,備考,定価,物販売価,取付売価,キャンペーン価格,商品ID,物販コード,取付コード,工賃,物販売価,camp価格,取付売価,camp価格
10680,﻿自動車メーカー,車種,型式,年式,適合詳細,メーカー品番,車高調タイプ,アッパーマウント【F|R】,減衰力調整,ダウン量,備考,定価,物販売価,取付売価,キャンペーン価格,商品ID,物販コード,取付コード,工賃,物販売価,camp価格,取付売価,camp価格
10681,﻿自動車メーカー,車種,型式,年式,適合詳細,メーカー品番,車高調タイプ,アッパーマウント【F|R】,減衰力調整,ダウン量,備考,定価,物販売価,取付売価,キャンペーン価格,商品ID,物販コード,取付コード,工賃,物販売価,camp価格,取付売価,camp価格
10682,﻿自動車メーカー,車種,型式,年式,適合詳細,メーカー品番,車高調タイプ,アッパーマウント【F|R】,減衰力調整,ダウン量,備考,定価,物販売価,取付売価,キャンペーン価格,商品ID,物販コード,取付コード,工賃,物販売価,camp価格,取付売価,camp価格
10683,﻿自動車メーカー,車種,型式,年式,適合詳細,メーカー品番,車高調タイプ,アッパーマウント【F|R】,減衰力調整,ダウン量,備考,定価,物販売価,取付売価,キャンペーン価格,商品ID,物販コード,取付コード,工賃,物販売価,camp価格,取付売価,camp価格
10684,﻿自動車メーカー,車種,型式,年式,適合詳細,メーカー品番,車高調タイプ,アッパーマウント【F|R】,減衰力調整,ダウン量,備考,定価,物販売価,取付売価,キャンペーン価格,商品ID,物販コード,取付コード,工賃,物販売価,camp価格,取付売価,camp価格
10685,﻿自動車メーカー,車種,型式/モデル,年式,適合詳細,メーカー品番,タイプ,仕様,,,備考,定価,物販売価,取付売価,キャンペーン価格,商品ID,物販コード,取付コード,工賃,物販売価,camp価格,取付売価,camp価格
10686,﻿自動車メーカー,車種,型式/モデル,年式,適合詳細,メーカー品番,タイプ,仕様,,,備考,定価,物販売価,取付売価,キャンペーン価格,商品ID,物販コード,取付コード,工賃,物販売価,camp価格,取付売価,camp価格
10687,﻿自動車メーカー,車種,型式/モデル,年式,適合詳細,メーカー品番,タイプ,仕様,,,備考,定価,物販売価,取付売価,キャンペーン価格,商品ID,物販コード,取付コード,工賃,物販売価,camp価格,取付売価,camp価格
10688,﻿自動車メーカー,車種,型式/モデル,年式,適合詳細,メーカー品番,タイプ,仕様,,,備考,定価,物販売価,取付売価,キャンペーン価格,商品ID,物販コード,取付コード,工賃,物販売価,camp価格,取付売価,camp価格
10689,﻿自動車メーカー,車種,型式/モデル,年式,適合詳細,メーカー品番,タイプ,仕様,,,備考,定価,物販売価,取付売価,キャンペーン価格,商品ID,物販コード,取付コード,工賃,物販売価,camp価格,取付売価,camp価格
10690,﻿自動車メーカー,車種,型式/モデル,年式,適合詳細,メーカー品番,タイプ,仕様,,,備考,定価,物販売価,取付売価,キャンペーン価格,商品ID,物販コード,取付コード,工賃,物販売価,camp価格,取付売価,camp価格
10691,﻿自動車メーカー,車種,型式/モデル,年式,適合詳細,メーカー品番,タイプ,仕様,,,備考,定価,物販売価,取付売価,キャンペーン価格,商品ID,物販コード,取付コード,工賃,物販売価,camp価格,取付売価,camp価格
10692,﻿自動車メーカー,車種,型式/モデル,年式,適合詳細,メーカー品番,タイプ,仕様,,,備考,定価,物販売価,取付売価,キャンペーン価格,商品ID,物販コード,取付コード,工賃,物販売価,camp価格,取付売価,camp価格
10695,﻿自動車メーカー,車種,型式/モデル,年式,適合詳細,メーカー品番,タイプ,仕様,,,備考,定価,物販売価,取付売価,キャンペーン価格,商品ID,物販コード,取付コード,工賃,物販売価,camp価格,取付売価,camp価格
10696,﻿自動車メーカー,車種,型式/モデル,年式,適合詳細,メーカー品番,タイプ,仕様,,,備考,定価,物販売価,取付売価,キャンペーン価格,商品ID,物販コード,取付コード,工賃,物販売価,camp価格,取付売価,camp価格
10697,﻿自動車メーカー,車種,型式/モデル,年式,適合詳細,メーカー品番,タイプ,仕様,,,備考,定価,物販売価,取付売価,キャンペーン価格,商品ID,物販コード,取付コード,工賃,物販売価,camp価格,取付売価,camp価格
10698,﻿自動車メーカー,車種,型式/モデル,年式,適合詳細,メーカー品番,タイプ,仕様,,,備考,定価,物販売価,取付売価,キャンペーン価格,商品ID,物販コード,取付コード,工賃,物販売価,camp価格,取付売価,camp価格
10699,﻿自動車メーカー,車種,型式/モデル,年式,適合詳細,メーカー品番,タイプ,仕様,,,備考,定価,物販売価,取付売価,キャンペーン価格,商品ID,物販コード,取付コード,工賃,物販売価,camp価格,取付売価,camp価格
10700,﻿自動車メーカー,車種,型式/モデル,年式,適合詳細,メーカー品番,タイプ,仕様,,,備考,定価,物販売価,取付売価,キャンペーン価格,商品ID,物販コード,取付コード,工賃,物販売価,camp価格,取付売価,camp価格
10701,﻿自動車メーカー,車種,型式/モデル,年式,適合詳細,メーカー品番,タイプ,仕様,,,備考,定価,物販売価,取付売価,キャンペーン価格,商品ID,物販コード,取付コード,工賃,物販売価,camp価格,取付売価,camp価格
10703,﻿自動車メーカー,車種,型式/モデル,年式,適合詳細,メーカー品番,タイプ,仕様,,,備考,定価,物販売価,取付売価,キャンペーン価格,商品ID,物販コード,取付コード,工賃,物販売価,camp価格,取付売価,camp価格
10704,﻿自動車メーカー,車種,型式/モデル,年式,適合詳細,メーカー品番,タイプ,仕様,,,備考,定価,物販売価,取付売価,キャンペーン価格,商品ID,物販コード,取付コード,工賃,物販売価,camp価格,取付売価,camp価格
10706,﻿自動車メーカー,車種,型式/モデル,年式,適合詳細,メーカー品番,タイプ,仕様,,,備考,定価,物販売価,取付売価,キャンペーン価格,商品ID,物販コード,取付コード,工賃,物販売価,camp価格,取付売価,camp価格
10708,﻿自動車メーカー,車種,型式/モデル,年式,適合詳細,メーカー品番,タイプ,仕様,,,備考,定価,物販売価,取付売価,キャンペーン価格,商品ID,物販コード,取付コード,工賃,物販売価,camp価格,取付売価,camp価格
10709,﻿自動車メーカー,車種,型式/モデル,年式,適合詳細,メーカー品番,タイプ,仕様,,,備考,定価,物販売価,取付売価,キャンペーン価格,商品ID,物販コード,取付コード,工賃,物販売価,camp価格,取付売価,camp価格
10710,﻿自動車メーカー,車種,型式/モデル,年式,適合詳細,メーカー品番,タイプ,仕様,,,備考,定価,物販売価,取付売価,キャンペーン価格,商品ID,物販コード,取付コード,工賃,物販売価,camp価格,取付売価,camp価格
10712,﻿自動車メーカー,車種,型式/モデル,年式,適合詳細,メーカー品番,タイプ,仕様,,,備考,定価,物販売価,取付売価,キャンペーン価格,商品ID,物販コード,取付コード,工賃,物販売価,camp価格,取付売価,camp価格
10713,﻿自動車メーカー,車種,型式/モデル,年式,適合詳細,メーカー品番,タイプ,仕様,,,備考,定価,物販売価,取付売価,キャンペーン価格,商品ID,物販コード,取付コード,工賃,物販売価,camp価格,取付売価,camp価格
10714,﻿自動車メーカー,車種,型式/モデル,年式,適合詳細,メーカー品番,タイプ,仕様,,,備考,定価,物販売価,取付売価,キャンペーン価格,商品ID,物販コード,取付コード,工賃,物販売価,camp価格,取付売価,camp価格
10715,﻿自動車メーカー,車種,型式/モデル,年式,適合詳細,メーカー品番,タイプ,仕様,,,備考,定価,物販売価,取付売価,キャンペーン価格,商品ID,物販コード,取付コード,工賃,物販売価,camp価格,取付売価,camp価格
10716,﻿自動車メーカー,車種,型式/モデル,年式,適合詳細,メーカー品番,タイプ,仕様,,,備考,定価,物販売価,取付売価,キャンペーン価格,商品ID,物販コード,取付コード,工賃,物販売価,camp価格,取付売価,camp価格
10717,﻿自動車メーカー,車種,型式/モデル,年式,適合詳細,メーカー品番,タイプ,仕様,,,備考,定価,物販売価,取付売価,キャンペーン価格,商品ID,物販コード,取付コード,工賃,物販売価,camp価格,取付売価,camp価格
10719,﻿自動車メーカー,車種,型式/モデル,年式,適合詳細,メーカー品番,タイプ,仕様,,,備考,定価,物販売価,取付売価,キャンペーン価格,商品ID,物販コード,取付コード,工賃,物販売価,camp価格,取付売価,camp価格
10723,﻿自動車メーカー,車種,型式/モデル,年式,適合詳細,メーカー品番,タイプ,仕様,,,備考,定価,物販売価,取付売価,キャンペーン価格,商品ID,物販コード,取付コード,工賃,物販売価,camp価格,取付売価,camp価格
10725,﻿自動車メーカー,車種,型式/モデル,年式,適合詳細,メーカー品番,タイプ,仕様,,,備考,定価,物販売価,取付売価,キャンペーン価格,商品ID,物販コード,取付コード,工賃,物販売価,camp価格,取付売価,camp価格
10726,﻿自動車メーカー,車種,型式/モデル,年式,適合詳細,メーカー品番,タイプ,仕様,,,備考,定価,物販売価,取付売価,キャンペーン価格,商品ID,物販コード,取付コード,工賃,物販売価,camp価格,取付売価,camp価格
10727,﻿自動車メーカー,車種,型式/モデル,年式,適合詳細,メーカー品番,タイプ,仕様,,,備考,定価,物販売価,取付売価,キャンペーン価格,商品ID,物販コード,取付コード,工賃,物販売価,camp価格,取付売価,camp価格
10729,﻿自動車メーカー,車種,型式/モデル,年式,適合詳細,メーカー品番,タイプ,仕様,,,備考,定価,物販売価,取付売価,キャンペーン価格,商品ID,物販コード,取付コード,工賃,物販売価,camp価格,取付売価,camp価格
10730,﻿自動車メーカー,車種,型式/モデル,年式,適合詳細,メーカー品番,タイプ,仕様,,,備考,定価,物販売価,取付売価,キャンペーン価格,商品ID,物販コード,取付コード,工賃,物販売価,camp価格,取付売価,camp価格
10731,﻿自動車メーカー,車種,型式/モデル,年式,適合詳細,メーカー品番,タイプ,仕様,,,備考,定価,物販売価,取付売価,キャンペーン価格,商品ID,物販コード,取付コード,工賃,物販売価,camp価格,取付売価,camp価格
10732,﻿自動車メーカー,車種,型式/モデル,年式,適合詳細,メーカー品番,タイプ,仕様,,,備考,定価,物販売価,取付売価,キャンペーン価格,商品ID,物販コード,取付コード,工賃,物販売価,camp価格,取付売価,camp価格
10733,﻿自動車メーカー,車種,型式/モデル,年式,適合詳細,メーカー品番,タイプ,仕様,,,備考,定価,物販売価,取付売価,キャンペーン価格,商品ID,物販コード,取付コード,工賃,物販売価,camp価格,取付売価,camp価格
10736,﻿自動車メーカー,車種,型式/モデル,年式,適合詳細,メーカー品番,タイプ,仕様,,,備考,定価,物販売価,取付売価,キャンペーン価格,商品ID,物販コード,取付コード,工賃,物販売価,camp価格,取付売価,camp価格
10737,﻿自動車メーカー,車種,型式/モデル,年式,適合詳細,メーカー品番,タイプ,仕様,,,備考,定価,物販売価,取付売価,キャンペーン価格,商品ID,物販コード,取付コード,工賃,物販売価,camp価格,取付売価,camp価格
10741,﻿自動車メーカー,車種,型式/モデル,年式,適合詳細,メーカー品番,タイプ,仕様,,,備考,定価,物販売価,取付売価,キャンペーン価格,商品ID,物販コード,取付コード,工賃,物販売価,camp価格,取付売価,camp価格
10744,﻿自動車メーカー,車種,型式/モデル,年式,適合詳細,メーカー品番,タイプ,仕様,,,備考,定価,物販売価,取付売価,キャンペーン価格,商品ID,物販コード,取付コード,工賃,物販売価,camp価格,取付売価,camp価格
10745,﻿自動車メーカー,車種,型式/モデル,年式,適合詳細,メーカー品番,タイプ,仕様,,,備考,定価,物販売価,取付売価,キャンペーン価格,商品ID,物販コード,取付コード,工賃,物販売価,camp価格,取付売価,camp価格
10746,﻿自動車メーカー,車種,型式/モデル,年式,適合詳細,メーカー品番,タイプ,仕様,,,備考,定価,物販売価,取付売価,キャンペーン価格,商品ID,物販コード,取付コード,工賃,物販売価,camp価格,取付売価,camp価格
10747,﻿自動車メーカー,車種,型式/モデル,年式,適合詳細,メーカー品番,タイプ,仕様,,,備考,定価,物販売価,取付売価,キャンペーン価格,商品ID,物販コード,取付コード,工賃,物販売価,camp価格,取付売価,camp価格
10748,﻿自動車メーカー,車種,型式/モデル,年式,適合詳細,メーカー品番,タイプ,仕様,,,備考,定価,物販売価,取付売価,キャンペーン価格,商品ID,物販コード,取付コード,工賃,物販売価,camp価格,取付売価,camp価格
10749,﻿自動車メーカー,車種,型式/モデル,年式,適合詳細,メーカー品番,タイプ,仕様,,,備考,定価,物販売価,取付売価,キャンペーン価格,商品ID,物販コード,取付コード,工賃,物販売価,camp価格,取付売価,camp価格
10750,﻿自動車メーカー,車種,型式/モデル,年式,適合詳細,メーカー品番,タイプ,仕様,,,備考,定価,物販売価,取付売価,キャンペーン価格,商品ID,物販コード,取付コード,工賃,物販売価,camp価格,取付売価,camp価格
10751,﻿自動車メーカー,車種,型式/モデル,年式,適合詳細,メーカー品番,タイプ,仕様,,,備考,定価,物販売価,取付売価,キャンペーン価格,商品ID,物販コード,取付コード,工賃,物販売価,camp価格,取付売価,camp価格
10752,﻿自動車メーカー,車種,型式/モデル,年式,適合詳細,メーカー品番,タイプ,仕様,,,備考,定価,物販売価,取付売価,キャンペーン価格,商品ID,物販コード,取付コード,工賃,物販売価,camp価格,取付売価,camp価格
10754,﻿自動車メーカー,車種,型式/モデル,年式,適合詳細,メーカー品番,タイプ,仕様,,,備考,定価,物販売価,取付売価,キャンペーン価格,商品ID,物販コード,取付コード,工賃,物販売価,camp価格,取付売価,camp価格
10755,﻿自動車メーカー,車種,型式/モデル,年式,適合詳細,メーカー品番,タイプ,仕様,,,備考,定価,物販売価,取付売価,キャンペーン価格,商品ID,物販コード,取付コード,工賃,物販売価,camp価格,取付売価,camp価格
10756,﻿自動車メーカー,車種,型式/モデル,年式,適合詳細,メーカー品番,タイプ,仕様,,,備考,定価,物販売価,取付売価,キャンペーン価格,商品ID,物販コード,取付コード,工賃,物販売価,camp価格,取付売価,camp価格
10757,﻿自動車メーカー,車種,型式/モデル,年式,適合詳細,メーカー品番,タイプ,仕様,,,備考,定価,物販売価,取付売価,キャンペーン価格,商品ID,物販コード,取付コード,工賃,物販売価,camp価格,取付売価,camp価格
10758,﻿自動車メーカー,車種,型式/モデル,年式,適合詳細,メーカー品番,タイプ,仕様,,,備考,定価,物販売価,取付売価,キャンペーン価格,商品ID,物販コード,取付コード,工賃,物販売価,camp価格,取付売価,camp価格
10759,﻿自動車メーカー,車種,型式/モデル,年式,適合詳細,メーカー品番,タイプ,仕様,,,備考,定価,物販売価,取付売価,キャンペーン価格,商品ID,物販コード,取付コード,工賃,物販売価,camp価格,取付売価,camp価格
10760,﻿自動車メーカー,車種,型式/モデル,年式,適合詳細,メーカー品番,タイプ,仕様,,,備考,定価,物販売価,取付売価,キャンペーン価格,商品ID,物販コード,取付コード,工賃,物販売価,camp価格,取付売価,camp価格
10762,﻿自動車メーカー,車種,型式/モデル,年式,適合詳細,メーカー品番,タイプ,仕様,,,備考,定価,物販売価,取付売価,キャンペーン価格,商品ID,物販コード,取付コード,工賃,物販売価,camp価格,取付売価,camp価格
10764,﻿自動車メーカー,車種,型式/モデル,年式,適合詳細,メーカー品番,タイプ,仕様,,,備考,定価,物販売価,取付売価,キャンペーン価格,商品ID,物販コード,取付コード,工賃,物販売価,camp価格,取付売価,camp価格
10765,﻿自動車メーカー,車種,型式/モデル,年式,適合詳細,メーカー品番,タイプ,仕様,,,備考,定価,物販売価,取付売価,キャンペーン価格,商品ID,物販コード,取付コード,工賃,物販売価,camp価格,取付売価,camp価格
10766,﻿自動車メーカー,車種,型式/モデル,年式,適合詳細,メーカー品番,タイプ,仕様,,,備考,定価,物販売価,取付売価,キャンペーン価格,商品ID,物販コード,取付コード,工賃,物販売価,camp価格,取付売価,camp価格
10767,﻿自動車メーカー,車種,型式/モデル,年式,適合詳細,メーカー品番,タイプ,仕様,,,備考,定価,物販売価,取付売価,キャンペーン価格,商品ID,物販コード,取付コード,工賃,物販売価,camp価格,取付売価,camp価格
10768,﻿自動車メーカー,車種,型式/モデル,年式,適合詳細,メーカー品番,タイプ,仕様,,,備考,定価,物販売価,取付売価,キャンペーン価格,商品ID,物販コード,取付コード,工賃,物販売価,camp価格,取付売価,camp価格
10770,﻿自動車メーカー,車種,型式/モデル,年式,適合詳細,メーカー品番,タイプ,仕様,,,備考,定価,物販売価,取付売価,キャンペーン価格,商品ID,物販コード,取付コード,工賃,物販売価,camp価格,取付売価,camp価格
10771,﻿自動車メーカー,車種,型式/モデル,年式,適合詳細,メーカー品番,タイプ,仕様,,,備考,定価,物販売価,取付売価,キャンペーン価格,商品ID,物販コード,取付コード,工賃,物販売価,camp価格,取付売価,camp価格
10772,﻿自動車メーカー,車種,型式/モデル,年式,適合詳細,メーカー品番,タイプ,仕様,,,備考,定価,物販売価,取付売価,キャンペーン価格,商品ID,物販コード,取付コード,工賃,物販売価,camp価格,取付売価,camp価格
10773,﻿自動車メーカー,車種,型式/モデル,年式,適合詳細,メーカー品番,タイプ,仕様,,,備考,定価,物販売価,取付売価,キャンペーン価格,商品ID,物販コード,取付コード,工賃,物販売価,camp価格,取付売価,camp価格
10774,﻿自動車メーカー,車種,型式/モデル,年式,適合詳細,メーカー品番,タイプ,仕様,,,備考,定価,物販売価,取付売価,キャンペーン価格,商品ID,物販コード,取付コード,工賃,物販売価,camp価格,取付売価,camp価格
10775,﻿自動車メーカー,車種,型式/モデル,年式,適合詳細,メーカー品番,タイプ,仕様,,,備考,定価,物販売価,取付売価,キャンペーン価格,商品ID,物販コード,取付コード,工賃,物販売価,camp価格,取付売価,camp価格
10776,﻿自動車メーカー,車種,型式/モデル,年式,適合詳細,メーカー品番,タイプ,仕様,,,備考,定価,物販売価,取付売価,キャンペーン価格,商品ID,物販コード,取付コード,工賃,物販売価,camp価格,取付売価,camp価格
10777,﻿自動車メーカー,車種,型式/モデル,年式,適合詳細,メーカー品番,タイプ,仕様,,,備考,定価,物販売価,取付売価,キャンペーン価格,商品ID,物販コード,取付コード,工賃,物販売価,camp価格,取付売価,camp価格
10778,﻿自動車メーカー,車種,型式,年式,適合詳細,メーカー品番,車高調タイプ,アッパーマウント【F|R】,減衰力調整,ダウン量,備考,定価,物販売価,取付売価,キャンペーン価格,商品ID,物販コード,取付コード,工賃,物販価格,camp価格,取付価格,camp価格
10779,﻿自動車メーカー,車種,型式,年式,適合詳細,メーカー品番,Fr/Rr,タイプ,適正温度域,材質,備考,定価,物販売価,取付売価,キャンペーン価格,商品ID,物販コード,取付コード,工賃,物販価格,camp価格,取付価格,camp価格
10780,﻿自動車メーカー,車種,型式/モデル,年式,適合詳細,メーカー品番,タイプ,仕様,,,備考,定価,物販売価,取付売価,キャンペーン価格,商品ID,物販コード,取付コード,工賃,物販売価,camp価格,取付売価,camp価格
10781,﻿自動車メーカー,車種,型式,年式,適合詳細,メーカー品番,車高調タイプ,アッパーマウント【F|R】,減衰力調整,ダウン量,備考,定価,物販売価,取付売価,キャンペーン価格,商品ID,物販コード,取付コード,工賃,物販価格,camp価格,取付価格,camp価格
10783,﻿自動車メーカー,車種,型式,年式,適合詳細,メーカー品番,Fr/Rr,タイプ,適正温度域,材質,備考,定価,物販売価,取付売価,キャンペーン価格,商品ID,物販コード,取付コード,工賃,物販価格,camp価格,取付価格,camp価格
10784,﻿自動車メーカー,車種,型式,年式,適合詳細,メーカー品番,Fr/Rr,タイプ,スリット/ドリルド,材質,備考,定価,物販売価,取付売価,キャンペーン価格,商品ID,物販コード,取付コード,工賃,物販価格,camp価格,取付価格,camp価格
10787,﻿自動車メーカー,車種,型式/モデル,年式,適合詳細,メーカー品番,タイプ,仕様,,,備考,定価,物販売価,取付売価,キャンペーン価格,商品ID,物販コード,取付コード,工賃,物販売価,camp価格,取付売価,camp価格
10788,﻿自動車メーカー,車種,型式/モデル,年式,適合詳細,メーカー品番,タイプ,仕様,,,備考,定価,物販売価,取付売価,キャンペーン価格,商品ID,物販コード,取付コード,工賃,物販売価,camp価格,取付売価,camp価格
10789,﻿自動車メーカー,車種,型式,年式,適合詳細,メーカー品番,タイプ,減衰力調整,,ダウン/アップ量,備考,定価,物販売価,取付売価,キャンペーン価格,商品ID,物販コード,取付コード,工賃,物販価格,camp価格,取付価格,camp価格
10790,﻿自動車メーカー,車種,型式/モデル,年式,適合詳細,メーカー品番,タイプ,仕様,,,備考,定価,物販売価,取付売価,キャンペーン価格,商品ID,物販コード,取付コード,工賃,物販売価,camp価格,取付売価,camp価格
10791,﻿自動車メーカー,車種,型式,年式,適合詳細,メーカー品番,Fr/Rr,タイプ,スリット/ドリルド,材質,備考,定価,物販売価,取付売価,キャンペーン価格,商品ID,物販コード,取付コード,工賃,物販価格,camp価格,取付価格,camp価格
10792,﻿自動車メーカー,車種,型式/モデル,年式,適合詳細,メーカー品番,タイプ,仕様,,,備考,定価,物販売価,取付売価,キャンペーン価格,商品ID,物販コード,取付コード,工賃,物販売価,camp価格,取付売価,camp価格
10793,﻿自動車メーカー,車種,型式/モデル,年式,適合詳細,メーカー品番,タイプ,仕様,,,備考,定価,物販売価,取付売価,キャンペーン価格,商品ID,物販コード,取付コード,工賃,物販売価,camp価格,取付売価,camp価格
10794,﻿自動車メーカー,車種,型式/モデル,年式,適合詳細,メーカー品番,タイプ,仕様,,,備考,定価,物販売価,取付売価,キャンペーン価格,商品ID,物販コード,取付コード,工賃,物販売価,camp価格,取付売価,camp価格
10795,﻿自動車メーカー,車種,型式/モデル,年式,適合詳細,メーカー品番,タイプ,仕様,,,備考,定価,物販売価,取付売価,キャンペーン価格,商品ID,物販コード,取付コード,工賃,物販売価,camp価格,取付売価,camp価格
10796,﻿自動車メーカー,車種,型式/モデル,年式,適合詳細,メーカー品番,タイプ,仕様,,,備考,定価,物販売価,取付売価,キャンペーン価格,商品ID,物販コード,取付コード,工賃,物販売価,camp価格,取付売価,camp価格
10797,﻿自動車メーカー,車種,型式/モデル,年式,適合詳細,メーカー品番,タイプ,仕様,,,備考,定価,物販売価,取付売価,キャンペーン価格,商品ID,物販コード,取付コード,工賃,物販売価,camp価格,取付売価,camp価格
10798,﻿自動車メーカー,車種,型式/モデル,年式,適合詳細,メーカー品番,タイプ,,,,備考,定価,物販売価,取付売価,キャンペーン価格,商品ID,物販コード,取付コード,工賃,物販売価,camp価格,取付売価,camp価格
10799,﻿自動車メーカー,車種,型式/モデル,年式,適合詳細,メーカー品番,タイプ,仕様,,,備考,定価,物販売価,取付売価,キャンペーン価格,商品ID,物販コード,取付コード,工賃,物販売価,camp価格,取付売価,camp価格
10800,﻿自動車メーカー,車種,型式/モデル,年式,適合詳細,メーカー品番,タイプ,仕様,,,備考,定価,物販売価,取付売価,キャンペーン価格,商品ID,物販コード,取付コード,工賃,物販売価,camp価格,取付売価,camp価格
10801,﻿自動車メーカー,車種,型式/モデル,年式,適合詳細,メーカー品番,タイプ,仕様,,,備考,定価,物販売価,取付売価,キャンペーン価格,商品ID,物販コード,取付コード,工賃,物販売価,camp価格,取付売価,camp価格
10802,﻿自動車メーカー,車種,型式/モデル,年式,適合詳細,メーカー品番,タイプ,,バネレート(F/R),ダウン/アップ量,備考,定価,物販売価,取付売価,キャンペーン価格,商品ID,物販コード,取付コード,工賃,物販売価,camp価格,取付売価,camp価格
10803,﻿自動車メーカー,車種,型式/モデル,年式,適合詳細,メーカー品番,タイプ,仕様,,,備考,定価,物販売価,取付売価,キャンペーン価格,商品ID,物販コード,取付コード,工賃,物販売価,camp価格,取付売価,camp価格
